frame,cap_ms,pnp_ms,upload_ms,swap_ms,found,t_x,t_y,t_z,r_x,r_y,r_z,reproj_mean,reproj_median,reproj_max
0,478.980,478.980,519.676,532.737,0,0.000,0.000,0.000,0.000,0.000,0.000,-1.000,-1.000,-1.000
1,643.873,643.873,664.596,674.042,0,0.000,0.000,0.000,0.000,0.000,0.000,-1.000,-1.000,-1.000
2,683.740,683.740,703.017,707.042,0,0.000,0.000,0.000,0.000,0.000,0.000,-1.000,-1.000,-1.000
3,710.545,710.545,726.928,728.846,0,0.000,0.000,0.000,0.000,0.000,0.000,-1.000,-1.000,-1.000
4,744.160,744.160,762.695,764.489,0,0.000,0.000,0.000,0.000,0.000,0.000,-1.000,-1.000,-1.000
5,778.033,778.033,796.003,797.678,0,0.000,0.000,0.000,0.000,0.000,0.000,-1.000,-1.000,-1.000
6,811.441,811.441,828.041,829.739,0,0.000,0.000,0.000,0.000,0.000,0.000,-1.000,-1.000,-1.000
7,846.330,846.330,865.097,866.787,0,0.000,0.000,0.000,0.000,0.000,0.000,-1.000,-1.000,-1.000
8,876.925,876.925,894.049,895.750,0,0.000,0.000,0.000,0.000,0.000,0.000,-1.000,-1.000,-1.000
9,910.174,910.174,927.132,928.733,0,0.000,0.000,0.000,0.000,0.000,0.000,-1.000,-1.000,-1.000
10,944.029,944.029,960.700,962.385,0,0.000,0.000,0.000,0.000,0.000,0.000,-1.000,-1.000,-1.000
11,976.299,976.299,993.889,995.525,0,0.000,0.000,0.000,0.000,0.000,0.000,-1.000,-1.000,-1.000
12,1011.134,1011.134,1028.105,1029.819,0,0.000,0.000,0.000,0.000,0.000,0.000,-1.000,-1.000,-1.000
13,1043.878,1043.878,1060.086,1061.715,0,0.000,0.000,0.000,0.000,0.000,0.000,-1.000,-1.000,-1.000
14,1079.154,1079.154,1095.451,1097.137,0,0.000,0.000,0.000,0.000,0.000,0.000,-1.000,-1.000,-1.000
15,1112.969,1112.969,1130.915,1132.558,0,0.000,0.000,0.000,0.000,0.000,0.000,-1.000,-1.000,-1.000
16,1143.671,1143.671,1160.067,1161.738,0,0.000,0.000,0.000,0.000,0.000,0.000,-1.000,-1.000,-1.000
17,1178.563,1178.563,1194.912,1196.611,0,0.000,0.000,0.000,0.000,0.000,0.000,-1.000,-1.000,-1.000
18,1212.523,1212.523,1229.900,1231.564,0,0.000,0.000,0.000,0.000,0.000,0.000,-1.000,-1.000,-1.000
19,1246.003,1246.003,1261.374,1263.162,0,0.000,0.000,0.000,0.000,0.000,0.000,-1.000,-1.000,-1.000
20,1277.676,1277.676,1293.999,1295.633,0,0.000,0.000,0.000,0.000,0.000,0.000,-1.000,-1.000,-1.000
21,1309.240,1309.240,1324.268,1325.755,0,0.000,0.000,0.000,0.000,0.000,0.000,-1.000,-1.000,-1.000
22,1344.022,1344.022,1360.422,1362.066,0,0.000,0.000,0.000,0.000,0.000,0.000,-1.000,-1.000,-1.000
23,1375.531,1375.531,1392.818,1394.376,0,0.000,0.000,0.000,0.000,0.000,0.000,-1.000,-1.000,-1.000
24,1410.261,1410.261,1427.125,1428.741,0,0.000,0.000,0.000,0.000,0.000,0.000,-1.000,-1.000,-1.000
25,1444.857,1444.857,1459.614,1461.222,0,0.000,0.000,0.000,0.000,0.000,0.000,-1.000,-1.000,-1.000
26,1478.743,1478.743,1496.615,1498.273,0,0.000,0.000,0.000,0.000,0.000,0.000,-1.000,-1.000,-1.000
27,1514.277,1514.277,1530.650,1532.339,0,0.000,0.000,0.000,0.000,0.000,0.000,-1.000,-1.000,-1.000
28,1549.613,1549.613,1564.818,1566.428,0,0.000,0.000,0.000,0.000,0.000,0.000,-1.000,-1.000,-1.000
29,1583.186,1583.186,1598.275,1599.916,0,0.000,0.000,0.000,0.000,0.000,0.000,-1.000,-1.000,-1.000
30,1614.906,1614.906,1632.645,1634.322,0,0.000,0.000,0.000,0.000,0.000,0.000,-1.000,-1.000,-1.000
31,1649.611,1649.611,1666.679,1668.367,0,0.000,0.000,0.000,0.000,0.000,0.000,-1.000,-1.000,-1.000
32,1681.297,1681.297,1698.533,1700.244,0,0.000,0.000,0.000,0.000,0.000,0.000,-1.000,-1.000,-1.000
33,1713.014,1713.014,1727.891,1729.597,0,0.000,0.000,0.000,0.000,0.000,0.000,-1.000,-1.000,-1.000
34,1752.006,1752.006,1768.560,1771.995,0,0.000,0.000,0.000,0.000,0.000,0.000,-1.000,-1.000,-1.000
35,1780.932,1780.932,1796.048,1797.771,0,0.000,0.000,0.000,0.000,0.000,0.000,-1.000,-1.000,-1.000
36,1815.196,1815.196,1831.803,1833.294,0,0.000,0.000,0.000,0.000,0.000,0.000,-1.000,-1.000,-1.000
37,1849.104,1849.104,1865.867,1867.502,0,0.000,0.000,0.000,0.000,0.000,0.000,-1.000,-1.000,-1.000
38,1883.826,1883.826,1899.994,1901.640,0,0.000,0.000,0.000,0.000,0.000,0.000,-1.000,-1.000,-1.000
39,1915.895,1915.895,1932.424,1934.092,0,0.000,0.000,0.000,0.000,0.000,0.000,-1.000,-1.000,-1.000
40,1949.270,1949.270,1966.561,1968.168,0,0.000,0.000,0.000,0.000,0.000,0.000,-1.000,-1.000,-1.000
41,1982.258,1982.258,1999.471,2001.034,0,0.000,0.000,0.000,0.000,0.000,0.000,-1.000,-1.000,-1.000
42,2015.707,2015.707,2032.401,2034.039,0,0.000,0.000,0.000,0.000,0.000,0.000,-1.000,-1.000,-1.000
43,2053.892,2053.892,2071.203,2072.762,0,0.000,0.000,0.000,0.000,0.000,0.000,-1.000,-1.000,-1.000
44,2087.448,2087.448,2105.059,2106.589,0,0.000,0.000,0.000,0.000,0.000,0.000,-1.000,-1.000,-1.000
45,2120.974,2120.974,2138.088,2139.672,0,0.000,0.000,0.000,0.000,0.000,0.000,-1.000,-1.000,-1.000
46,2154.660,2154.660,2171.786,2173.336,0,0.000,0.000,0.000,0.000,0.000,0.000,-1.000,-1.000,-1.000
47,2186.541,2186.541,2204.032,2205.993,0,0.000,0.000,0.000,0.000,0.000,0.000,-1.000,-1.000,-1.000
48,2220.691,2220.691,2238.845,2240.411,0,0.000,0.000,0.000,0.000,0.000,0.000,-1.000,-1.000,-1.000
49,2255.204,2255.204,2272.281,2273.819,0,0.000,0.000,0.000,0.000,0.000,0.000,-1.000,-1.000,-1.000
50,2286.868,2286.868,2303.770,2305.774,0,0.000,0.000,0.000,0.000,0.000,0.000,-1.000,-1.000,-1.000
51,2321.277,2321.277,2339.059,2340.596,0,0.000,0.000,0.000,0.000,0.000,0.000,-1.000,-1.000,-1.000
52,2356.706,2356.706,2373.113,2374.589,0,0.000,0.000,0.000,0.000,0.000,0.000,-1.000,-1.000,-1.000
53,2417.914,2417.914,2436.927,2438.881,0,0.000,0.000,0.000,0.000,0.000,0.000,-1.000,-1.000,-1.000
54,2453.704,2453.704,2472.279,2473.802,0,0.000,0.000,0.000,0.000,0.000,0.000,-1.000,-1.000,-1.000
55,2486.895,2486.895,2503.664,2505.932,0,0.000,0.000,0.000,0.000,0.000,0.000,-1.000,-1.000,-1.000
56,2521.550,2521.550,2536.902,2539.183,0,0.000,0.000,0.000,0.000,0.000,0.000,-1.000,-1.000,-1.000
57,2555.678,2555.678,2573.052,2574.570,0,0.000,0.000,0.000,0.000,0.000,0.000,-1.000,-1.000,-1.000
58,2587.477,2587.477,2602.481,2605.373,0,0.000,0.000,0.000,0.000,0.000,0.000,-1.000,-1.000,-1.000
59,2619.721,2619.721,2635.867,2638.610,0,0.000,0.000,0.000,0.000,0.000,0.000,-1.000,-1.000,-1.000
60,2652.966,2652.966,2669.873,2671.849,0,0.000,0.000,0.000,0.000,0.000,0.000,-1.000,-1.000,-1.000
61,2686.382,2686.382,2703.284,2705.234,0,0.000,0.000,0.000,0.000,0.000,0.000,-1.000,-1.000,-1.000
62,2719.522,2719.522,2736.433,2738.640,0,0.000,0.000,0.000,0.000,0.000,0.000,-1.000,-1.000,-1.000
63,2755.117,2755.117,2771.659,2773.134,0,0.000,0.000,0.000,0.000,0.000,0.000,-1.000,-1.000,-1.000
64,2788.085,2788.085,2804.977,2806.400,0,0.000,0.000,0.000,0.000,0.000,0.000,-1.000,-1.000,-1.000
65,2820.255,2820.255,2838.122,2839.683,0,0.000,0.000,0.000,0.000,0.000,0.000,-1.000,-1.000,-1.000
66,2853.592,2853.592,2868.501,2872.094,0,0.000,0.000,0.000,0.000,0.000,0.000,-1.000,-1.000,-1.000
67,2886.577,2886.577,2903.489,2905.744,0,0.000,0.000,0.000,0.000,0.000,0.000,-1.000,-1.000,-1.000
68,2920.231,2920.231,2937.414,2939.722,0,0.000,0.000,0.000,0.000,0.000,0.000,-1.000,-1.000,-1.000
69,2956.580,2956.580,2973.234,2974.735,0,0.000,0.000,0.000,0.000,0.000,0.000,-1.000,-1.000,-1.000
70,2984.989,2984.989,2999.925,3001.564,0,0.000,0.000,0.000,0.000,0.000,0.000,-1.000,-1.000,-1.000
71,3021.050,3021.050,3038.239,3039.747,0,0.000,0.000,0.000,0.000,0.000,0.000,-1.000,-1.000,-1.000
72,3051.975,3051.975,3068.947,3071.953,0,0.000,0.000,0.000,0.000,0.000,0.000,-1.000,-1.000,-1.000
73,3084.600,3084.600,3100.910,3105.009,0,0.000,0.000,0.000,0.000,0.000,0.000,-1.000,-1.000,-1.000
74,3119.661,3119.661,3135.792,3138.427,0,0.000,0.000,0.000,0.000,0.000,0.000,-1.000,-1.000,-1.000
75,3152.736,3152.736,3168.092,3171.837,0,0.000,0.000,0.000,0.000,0.000,0.000,-1.000,-1.000,-1.000
76,3182.974,3182.974,3198.068,3199.640,0,0.000,0.000,0.000,0.000,0.000,0.000,-1.000,-1.000,-1.000
77,3218.857,3218.857,3235.477,3238.872,0,0.000,0.000,0.000,0.000,0.000,0.000,-1.000,-1.000,-1.000
78,3251.107,3251.107,3266.747,3268.383,0,0.000,0.000,0.000,0.000,0.000,0.000,-1.000,-1.000,-1.000
79,3283.995,3283.995,3302.020,3305.384,0,0.000,0.000,0.000,0.000,0.000,0.000,-1.000,-1.000,-1.000
80,3319.038,3319.038,3335.965,3338.477,0,0.000,0.000,0.000,0.000,0.000,0.000,-1.000,-1.000,-1.000
81,3351.415,3351.415,3367.553,3371.747,0,0.000,0.000,0.000,0.000,0.000,0.000,-1.000,-1.000,-1.000
82,3385.328,3385.328,3402.869,3405.387,0,0.000,0.000,0.000,0.000,0.000,0.000,-1.000,-1.000,-1.000
83,3419.288,3419.288,3435.929,3438.542,0,0.000,0.000,0.000,0.000,0.000,0.000,-1.000,-1.000,-1.000
84,3449.485,3449.485,3466.838,3468.464,0,0.000,0.000,0.000,0.000,0.000,0.000,-1.000,-1.000,-1.000
85,3483.091,3483.091,3499.031,3500.679,0,0.000,0.000,0.000,0.000,0.000,0.000,-1.000,-1.000,-1.000
86,3517.814,3517.814,3534.285,3538.459,0,0.000,0.000,0.000,0.000,0.000,0.000,-1.000,-1.000,-1.000
87,3551.900,3551.900,3569.073,3572.594,0,0.000,0.000,0.000,0.000,0.000,0.000,-1.000,-1.000,-1.000
88,3584.936,3584.936,3601.937,3605.615,0,0.000,0.000,0.000,0.000,0.000,0.000,-1.000,-1.000,-1.000
89,3617.022,3617.022,3633.123,3634.775,0,0.000,0.000,0.000,0.000,0.000,0.000,-1.000,-1.000,-1.000
90,3651.518,3651.518,3668.192,3671.972,0,0.000,0.000,0.000,0.000,0.000,0.000,-1.000,-1.000,-1.000
91,3684.102,3684.102,3701.149,3705.097,0,0.000,0.000,0.000,0.000,0.000,0.000,-1.000,-1.000,-1.000
92,3719.375,3719.375,3734.266,3738.431,0,0.000,0.000,0.000,0.000,0.000,0.000,-1.000,-1.000,-1.000
93,3754.076,3754.076,3771.082,3772.688,0,0.000,0.000,0.000,0.000,0.000,0.000,-1.000,-1.000,-1.000
94,3784.421,3784.421,3801.826,3805.527,0,0.000,0.000,0.000,0.000,0.000,0.000,-1.000,-1.000,-1.000
95,3819.729,3819.729,3835.261,3838.693,0,0.000,0.000,0.000,0.000,0.000,0.000,-1.000,-1.000,-1.000
96,3851.140,3851.140,3868.900,3871.904,0,0.000,0.000,0.000,0.000,0.000,0.000,-1.000,-1.000,-1.000
97,3885.806,3885.806,3902.810,3905.482,0,0.000,0.000,0.000,0.000,0.000,0.000,-1.000,-1.000,-1.000
98,3917.123,3917.123,3934.119,3939.220,0,0.000,0.000,0.000,0.000,0.000,0.000,-1.000,-1.000,-1.000
99,3953.283,3953.283,3970.295,3972.521,0,0.000,0.000,0.000,0.000,0.000,0.000,-1.000,-1.000,-1.000
100,3984.019,3984.019,4000.456,4005.351,0,0.000,0.000,0.000,0.000,0.000,0.000,-1.000,-1.000,-1.000
101,4018.275,4018.275,4033.260,4034.866,0,0.000,0.000,0.000,0.000,0.000,0.000,-1.000,-1.000,-1.000
102,4046.503,4046.503,4063.626,4065.234,0,0.000,0.000,0.000,0.000,0.000,0.000,-1.000,-1.000,-1.000
103,4084.438,4084.438,4102.019,4105.306,0,0.000,0.000,0.000,0.000,0.000,0.000,-1.000,-1.000,-1.000
104,4117.213,4117.213,4134.048,4138.380,0,0.000,0.000,0.000,0.000,0.000,0.000,-1.000,-1.000,-1.000
105,4153.528,4153.528,4168.940,4171.866,0,0.000,0.000,0.000,0.000,0.000,0.000,-1.000,-1.000,-1.000
106,4184.973,4184.973,4202.300,4205.269,0,0.000,0.000,0.000,0.000,0.000,0.000,-1.000,-1.000,-1.000
107,4220.904,4220.904,4235.832,4238.388,0,0.000,0.000,0.000,0.000,0.000,0.000,-1.000,-1.000,-1.000
108,4254.903,4254.903,4272.167,4273.622,0,0.000,0.000,0.000,0.000,0.000,0.000,-1.000,-1.000,-1.000
109,4289.634,4289.634,4305.513,4306.995,0,0.000,0.000,0.000,0.000,0.000,0.000,-1.000,-1.000,-1.000
110,4320.809,4320.809,4337.974,4339.469,0,0.000,0.000,0.000,0.000,0.000,0.000,-1.000,-1.000,-1.000
111,4357.453,4357.453,4375.383,4377.007,0,0.000,0.000,0.000,0.000,0.000,0.000,-1.000,-1.000,-1.000
112,4387.232,4387.232,4405.068,4406.554,0,0.000,0.000,0.000,0.000,0.000,0.000,-1.000,-1.000,-1.000
113,4419.271,4419.271,4437.054,4439.168,0,0.000,0.000,0.000,0.000,0.000,0.000,-1.000,-1.000,-1.000
114,4454.808,4454.808,4472.820,4474.312,0,0.000,0.000,0.000,0.000,0.000,0.000,-1.000,-1.000,-1.000
115,4489.074,4489.074,4507.100,4508.713,0,0.000,0.000,0.000,0.000,0.000,0.000,-1.000,-1.000,-1.000
116,4526.720,4526.720,4544.683,4546.424,0,0.000,0.000,0.000,0.000,0.000,0.000,-1.000,-1.000,-1.000
117,4564.457,4564.457,4583.693,4588.732,0,0.000,0.000,0.000,0.000,0.000,0.000,-1.000,-1.000,-1.000
118,4595.296,4595.296,4614.818,4616.485,0,0.000,0.000,0.000,0.000,0.000,0.000,-1.000,-1.000,-1.000
119,4630.247,4630.247,4647.889,4649.674,0,0.000,0.000,0.000,0.000,0.000,0.000,-1.000,-1.000,-1.000
120,4660.926,4660.926,4680.547,4682.211,0,0.000,0.000,0.000,0.000,0.000,0.000,-1.000,-1.000,-1.000
121,4691.466,4691.466,4710.064,4711.758,0,0.000,0.000,0.000,0.000,0.000,0.000,-1.000,-1.000,-1.000
122,4730.378,4730.378,4750.001,4751.620,0,0.000,0.000,0.000,0.000,0.000,0.000,-1.000,-1.000,-1.000
123,4763.596,4763.596,4785.857,4788.813,0,0.000,0.000,0.000,0.000,0.000,0.000,-1.000,-1.000,-1.000
124,4795.738,4795.738,4814.534,4816.219,0,0.000,0.000,0.000,0.000,0.000,0.000,-1.000,-1.000,-1.000
125,4828.983,4828.983,4846.581,4848.227,0,0.000,0.000,0.000,0.000,0.000,0.000,-1.000,-1.000,-1.000
126,4862.669,4862.669,4880.857,4882.503,0,0.000,0.000,0.000,0.000,0.000,0.000,-1.000,-1.000,-1.000
127,4895.647,4895.647,4915.028,4916.741,0,0.000,0.000,0.000,0.000,0.000,0.000,-1.000,-1.000,-1.000
128,4930.119,4930.119,4948.974,4950.603,0,0.000,0.000,0.000,0.000,0.000,0.000,-1.000,-1.000,-1.000
129,4965.470,4965.470,4984.288,4988.582,0,0.000,0.000,0.000,0.000,0.000,0.000,-1.000,-1.000,-1.000
130,4996.626,4996.626,5016.207,5017.906,0,0.000,0.000,0.000,0.000,0.000,0.000,-1.000,-1.000,-1.000
131,5030.963,5030.963,5049.862,5051.491,0,0.000,0.000,0.000,0.000,0.000,0.000,-1.000,-1.000,-1.000
132,5067.859,5067.859,5088.099,5089.553,0,0.000,0.000,0.000,0.000,0.000,0.000,-1.000,-1.000,-1.000
133,5097.327,5097.327,5117.576,5121.822,0,0.000,0.000,0.000,0.000,0.000,0.000,-1.000,-1.000,-1.000
134,5132.245,5132.245,5153.519,5155.751,0,0.000,0.000,0.000,0.000,0.000,0.000,-1.000,-1.000,-1.000
135,5167.165,5167.165,5187.904,5189.503,0,0.000,0.000,0.000,0.000,0.000,0.000,-1.000,-1.000,-1.000
136,5196.873,5196.873,5217.636,5221.880,0,0.000,0.000,0.000,0.000,0.000,0.000,-1.000,-1.000,-1.000
137,5231.613,5231.613,5252.631,5255.283,0,0.000,0.000,0.000,0.000,0.000,0.000,-1.000,-1.000,-1.000
138,5266.168,5266.168,5290.338,5291.956,0,0.000,0.000,0.000,0.000,0.000,0.000,-1.000,-1.000,-1.000
139,5299.819,5299.819,5323.959,5325.587,0,0.000,0.000,0.000,0.000,0.000,0.000,-1.000,-1.000,-1.000
140,5332.247,5332.247,5357.074,5358.656,0,0.000,0.000,0.000,0.000,0.000,0.000,-1.000,-1.000,-1.000
141,5367.447,5367.447,5392.440,5394.041,0,0.000,0.000,0.000,0.000,0.000,0.000,-1.000,-1.000,-1.000
142,5400.520,5400.520,5427.073,5428.752,0,0.000,0.000,0.000,0.000,0.000,0.000,-1.000,-1.000,-1.000
143,5432.501,5432.501,5457.571,5459.128,0,0.000,0.000,0.000,0.000,0.000,0.000,-1.000,-1.000,-1.000
144,5463.296,5463.296,5487.960,5489.562,0,0.000,0.000,0.000,0.000,0.000,0.000,-1.000,-1.000,-1.000
145,5495.649,5495.649,5520.127,5522.774,0,0.000,0.000,0.000,0.000,0.000,0.000,-1.000,-1.000,-1.000
146,5531.807,5531.807,5558.495,5560.181,0,0.000,0.000,0.000,0.000,0.000,0.000,-1.000,-1.000,-1.000
147,5568.111,5568.111,5592.964,5594.628,0,0.000,0.000,0.000,0.000,0.000,0.000,-1.000,-1.000,-1.000
148,5599.017,5599.017,5622.712,5624.191,0,0.000,0.000,0.000,0.000,0.000,0.000,-1.000,-1.000,-1.000
149,5632.491,5632.491,5658.608,5660.263,0,0.000,0.000,0.000,0.000,0.000,0.000,-1.000,-1.000,-1.000
150,5664.826,5664.826,5689.573,5691.051,0,0.000,0.000,0.000,0.000,0.000,0.000,-1.000,-1.000,-1.000
151,5697.011,5697.011,5721.846,5723.289,0,0.000,0.000,0.000,0.000,0.000,0.000,-1.000,-1.000,-1.000
152,5733.212,5733.212,5759.370,5761.030,0,0.000,0.000,0.000,0.000,0.000,0.000,-1.000,-1.000,-1.000
153,5766.690,5766.690,5793.021,5794.615,0,0.000,0.000,0.000,0.000,0.000,0.000,-1.000,-1.000,-1.000
154,5800.403,5800.403,5823.900,5825.542,0,0.000,0.000,0.000,0.000,0.000,0.000,-1.000,-1.000,-1.000
155,5832.067,5832.067,5857.146,5858.767,0,0.000,0.000,0.000,0.000,0.000,0.000,-1.000,-1.000,-1.000
156,5864.823,5864.823,5889.392,5890.847,0,0.000,0.000,0.000,0.000,0.000,0.000,-1.000,-1.000,-1.000
157,5898.599,5898.599,5922.378,5923.890,0,0.000,0.000,0.000,0.000,0.000,0.000,-1.000,-1.000,-1.000
158,5934.819,5934.819,5959.877,5961.464,0,0.000,0.000,0.000,0.000,0.000,0.000,-1.000,-1.000,-1.000
159,5969.272,5969.272,5994.459,5996.140,0,0.000,0.000,0.000,0.000,0.000,0.000,-1.000,-1.000,-1.000
160,6000.353,6000.353,6027.671,6029.396,0,0.000,0.000,0.000,0.000,0.000,0.000,-1.000,-1.000,-1.000
161,6032.328,6032.328,6056.947,6058.517,0,0.000,0.000,0.000,0.000,0.000,0.000,-1.000,-1.000,-1.000
162,6068.357,6068.357,6092.402,6093.978,0,0.000,0.000,0.000,0.000,0.000,0.000,-1.000,-1.000,-1.000
163,6098.286,6098.286,6123.554,6125.174,0,0.000,0.000,0.000,0.000,0.000,0.000,-1.000,-1.000,-1.000
164,6132.671,6132.671,6160.472,6162.079,0,0.000,0.000,0.000,0.000,0.000,0.000,-1.000,-1.000,-1.000
165,6166.351,6166.351,6191.861,6193.462,0,0.000,0.000,0.000,0.000,0.000,0.000,-1.000,-1.000,-1.000
166,6195.991,6195.991,6221.949,6223.501,0,0.000,0.000,0.000,0.000,0.000,0.000,-1.000,-1.000,-1.000
167,6231.392,6231.392,6257.163,6258.756,0,0.000,0.000,0.000,0.000,0.000,0.000,-1.000,-1.000,-1.000
168,6265.077,6265.077,6288.800,6290.323,0,0.000,0.000,0.000,0.000,0.000,0.000,-1.000,-1.000,-1.000
169,6297.724,6297.724,6323.864,6325.494,0,0.000,0.000,0.000,0.000,0.000,0.000,-1.000,-1.000,-1.000
170,6331.643,6331.643,6354.922,6356.387,0,0.000,0.000,0.000,0.000,0.000,0.000,-1.000,-1.000,-1.000
171,6367.060,6367.060,6392.707,6394.382,0,0.000,0.000,0.000,0.000,0.000,0.000,-1.000,-1.000,-1.000
172,6429.612,6429.612,6456.199,6457.722,0,0.000,0.000,0.000,0.000,0.000,0.000,-1.000,-1.000,-1.000
173,6460.144,6460.144,6628.643,6630.394,0,0.000,0.000,0.000,0.000,0.000,0.000,-1.000,-1.000,-1.000
174,6653.323,6653.323,6679.955,6681.630,0,0.000,0.000,0.000,0.000,0.000,0.000,-1.000,-1.000,-1.000
175,6689.154,6712.409,6714.578,6716.889,1,-0.139,-0.038,0.841,-0.792,0.513,1.082,2.459,1.872,10.884
176,6721.782,6721.782,6749.636,6751.309,0,0.000,0.000,0.000,0.000,0.000,0.000,-1.000,-1.000,-1.000
177,6763.001,6927.332,6930.043,6931.964,1,-0.119,-0.061,0.842,-0.760,0.515,1.130,5.153,3.307,16.335
178,6964.455,6964.455,6990.198,6991.853,0,0.000,0.000,0.000,0.000,0.000,0.000,-1.000,-1.000,-1.000
179,7000.730,7024.354,7026.674,7028.342,1,-0.028,-0.102,0.825,-0.697,0.567,1.292,1.060,1.049,2.297
180,7034.132,7048.253,7050.555,7055.059,1,-0.024,-0.097,0.825,-0.699,0.574,1.296,0.717,0.612,3.226
181,7064.869,7078.062,7080.356,7082.072,1,-0.019,-0.091,0.828,-0.704,0.579,1.306,0.636,0.596,1.502
182,7098.141,7110.670,7112.975,7114.629,1,-0.014,-0.092,0.828,-0.700,0.580,1.317,0.559,0.508,1.688
183,7131.332,7141.754,7144.016,7145.724,1,-0.012,-0.095,0.828,-0.693,0.581,1.323,0.537,0.505,1.528
184,7165.408,7175.587,7177.894,7179.565,1,-0.010,-0.095,0.830,-0.690,0.581,1.328,0.556,0.534,1.590
185,7202.317,7216.277,7218.556,7222.028,1,-0.006,-0.093,0.833,-0.687,0.585,1.336,0.623,0.599,1.757
186,7231.731,7245.129,7247.379,7249.132,1,0.002,-0.093,0.834,-0.685,0.589,1.351,0.764,0.746,1.729
187,7263.713,7277.105,7279.454,7281.131,1,0.011,-0.096,0.835,-0.677,0.591,1.367,0.676,0.593,1.931
188,7295.999,7308.630,7311.024,7312.667,1,0.017,-0.095,0.836,-0.672,0.599,1.377,0.592,0.552,1.581
189,7330.172,7342.070,7344.370,7346.073,1,0.021,-0.091,0.837,-0.675,0.606,1.384,0.559,0.543,1.560
190,7364.265,7375.977,7378.209,7379.830,1,0.026,-0.089,0.838,-0.676,0.611,1.392,0.561,0.544,1.584
191,7397.259,7410.249,7412.622,7414.260,1,0.030,-0.088,0.839,-0.675,0.615,1.401,0.553,0.478,1.537
192,7430.608,7441.420,7443.727,7445.414,1,0.032,-0.090,0.838,-0.673,0.616,1.407,0.528,0.480,1.475
193,7463.834,7474.746,7477.092,7478.654,1,0.030,-0.090,0.838,-0.673,0.618,1.407,0.536,0.518,1.506
194,7497.802,7507.819,7510.224,7511.830,1,0.029,-0.091,0.839,-0.672,0.617,1.409,0.533,0.486,1.559
195,7545.481,7560.322,7563.533,7565.560,1,0.031,-0.090,0.840,-0.669,0.622,1.414,0.547,0.504,1.554
196,7599.779,7615.837,7618.506,7622.057,1,0.028,-0.083,0.840,-0.674,0.630,1.415,0.603,0.527,1.922
197,7631.308,7643.642,7646.150,7647.831,1,0.027,-0.077,0.842,-0.678,0.635,1.415,0.564,0.492,1.543
198,7665.195,7674.923,7677.304,7678.957,1,0.027,-0.072,0.843,-0.682,0.638,1.418,0.539,0.465,1.595
199,7697.619,7708.001,7710.521,7712.190,1,0.026,-0.071,0.843,-0.682,0.639,1.421,0.523,0.477,1.517
200,7730.943,7743.211,7745.671,7747.366,1,0.029,-0.070,0.844,-0.680,0.642,1.428,0.544,0.487,1.535
201,7764.398,7774.202,7776.562,7778.209,1,0.032,-0.070,0.843,-0.678,0.646,1.437,0.537,0.491,1.500
202,7800.180,7811.273,7813.685,7815.309,1,0.032,-0.070,0.843,-0.678,0.647,1.440,0.532,0.458,1.500
203,7831.802,7844.443,7846.868,7848.561,1,0.029,-0.071,0.842,-0.677,0.646,1.440,0.525,0.489,1.453
204,7862.632,7876.479,7878.820,7880.534,1,0.024,-0.070,0.841,-0.679,0.648,1.435,0.615,0.566,1.664
205,7897.617,7909.811,7912.123,7913.757,1,0.020,-0.068,0.842,-0.681,0.645,1.435,0.540,0.483,1.482
206,7930.778,7943.323,7945.766,7947.419,1,0.019,-0.073,0.841,-0.676,0.641,1.440,0.548,0.457,1.523
207,7963.045,7977.033,7979.431,7981.033,1,0.015,-0.074,0.839,-0.674,0.643,1.438,0.610,0.500,1.388
208,7999.114,8013.882,8016.418,8018.080,1,0.010,-0.070,0.839,-0.677,0.646,1.435,0.578,0.544,1.698
209,8032.093,8044.178,8046.538,8048.205,1,0.006,-0.068,0.838,-0.678,0.645,1.436,0.527,0.499,1.551
210,8066.500,8077.399,8079.833,8081.514,1,0.003,-0.068,0.837,-0.676,0.645,1.439,0.532,0.480,1.562
211,8096.688,8109.380,8111.928,8113.552,1,0.001,-0.066,0.835,-0.674,0.650,1.443,0.542,0.499,1.555
212,8130.629,8143.426,8145.792,8147.481,1,-0.001,-0.062,0.834,-0.674,0.654,1.450,0.554,0.512,1.654
213,8164.919,8176.366,8178.711,8180.321,1,-0.001,-0.062,0.832,-0.671,0.656,1.460,0.529,0.481,1.578
214,8199.454,8213.283,8215.660,8217.305,1,-0.001,-0.058,0.831,-0.667,0.664,1.470,0.543,0.502,1.742
215,8230.692,8241.408,8243.752,8245.435,1,-0.000,-0.055,0.829,-0.666,0.670,1.486,0.545,0.489,1.476
216,8266.262,8279.754,8282.167,8283.828,1,0.003,-0.055,0.828,-0.659,0.675,1.505,0.541,0.537,1.469
217,8298.647,8310.811,8313.220,8314.867,1,0.009,-0.056,0.825,-0.650,0.683,1.529,0.560,0.480,1.525
218,8332.154,8346.007,8348.410,8350.087,1,0.011,-0.055,0.821,-0.646,0.693,1.547,0.543,0.473,1.635
219,8362.217,8374.737,8377.042,8378.711,1,0.009,-0.052,0.818,-0.643,0.703,1.560,0.596,0.540,2.037
220,8401.112,8412.441,8414.723,8416.450,1,0.008,-0.048,0.817,-0.640,0.710,1.578,0.523,0.446,1.407
221,8428.392,8442.896,8445.305,8446.953,1,0.009,-0.048,0.816,-0.634,0.716,1.599,0.544,0.503,1.539
222,8465.735,8479.816,8482.180,8483.812,1,0.009,-0.049,0.813,-0.628,0.723,1.617,0.523,0.454,1.504
223,8498.863,8512.673,8515.079,8516.715,1,0.008,-0.047,0.812,-0.623,0.733,1.632,0.540,0.515,1.539
224,8528.787,8544.168,8546.438,8548.159,1,0.006,-0.046,0.813,-0.620,0.736,1.645,0.666,0.541,1.898
225,8561.492,8561.492,8590.895,8592.530,0,0.000,0.000,0.000,0.000,0.000,0.000,-1.000,-1.000,-1.000
226,8600.499,8600.499,8627.514,8629.215,0,0.000,0.000,0.000,0.000,0.000,0.000,-1.000,-1.000,-1.000
227,8630.665,8645.985,8648.493,8650.108,1,0.006,-0.069,0.809,-0.590,0.728,1.692,0.576,0.484,1.653
228,8665.759,8681.524,8683.876,8688.599,1,0.008,-0.071,0.808,-0.584,0.732,1.704,0.530,0.458,1.559
229,8700.177,8717.317,8719.611,8721.984,1,0.011,-0.075,0.809,-0.577,0.731,1.719,0.648,0.589,1.945
230,8730.732,8745.595,8747.901,8749.634,1,0.018,-0.076,0.808,-0.566,0.740,1.737,0.594,0.483,1.557
231,8764.381,8778.319,8780.652,8782.310,1,0.025,-0.074,0.807,-0.563,0.748,1.752,0.557,0.489,1.665
232,8797.963,8816.628,8818.951,8821.689,1,0.028,-0.072,0.806,-0.561,0.757,1.760,0.552,0.451,1.539
233,8831.049,8848.176,8850.495,8855.041,1,0.027,-0.066,0.805,-0.565,0.766,1.759,0.603,0.526,1.583
234,8864.041,8880.438,8882.770,8884.483,1,0.023,-0.061,0.806,-0.571,0.770,1.755,0.586,0.506,1.709
235,8897.991,8912.730,8915.188,8916.819,1,0.018,-0.058,0.805,-0.578,0.770,1.749,0.572,0.555,1.683
236,8930.859,8944.835,8947.141,8948.854,1,0.014,-0.059,0.805,-0.578,0.766,1.746,0.542,0.464,1.630
237,8963.610,8980.777,8983.181,8984.811,1,0.012,-0.060,0.804,-0.578,0.764,1.745,0.547,0.472,1.526
238,8999.131,9014.487,9016.807,9018.453,1,0.011,-0.062,0.804,-0.576,0.760,1.747,0.582,0.514,1.621
239,9030.637,9046.264,9048.538,9050.232,1,0.011,-0.065,0.803,-0.572,0.759,1.752,0.548,0.477,1.551
240,9065.689,9082.954,9085.342,9088.490,1,0.014,-0.066,0.804,-0.567,0.761,1.758,0.586,0.516,1.597
241,9096.948,9114.913,9117.212,9121.625,1,0.020,-0.062,0.805,-0.565,0.771,1.770,0.565,0.567,1.529
242,9131.382,9146.366,9148.636,9150.273,1,0.024,-0.060,0.807,-0.563,0.777,1.780,0.556,0.482,1.596
243,9164.478,9164.478,9192.118,9193.748,0,0.000,0.000,0.000,0.000,0.000,0.000,-1.000,-1.000,-1.000
244,9199.406,9199.406,9228.773,9230.441,0,0.000,0.000,0.000,0.000,0.000,0.000,-1.000,-1.000,-1.000
245,9264.803,9296.857,9299.157,9300.783,1,0.052,-0.035,0.816,-0.560,0.826,1.832,1.426,1.295,3.406
246,9330.593,9349.949,9352.250,9354.998,1,0.070,-0.029,0.816,-0.550,0.854,1.869,0.567,0.460,1.549
247,9364.565,9379.946,9382.198,9383.870,1,0.073,-0.028,0.816,-0.548,0.860,1.880,0.513,0.403,1.541
248,9400.468,9417.266,9419.585,9421.627,1,0.077,-0.027,0.818,-0.543,0.867,1.893,0.548,0.477,1.473
249,9429.970,9447.861,9450.133,9451.839,1,0.083,-0.027,0.819,-0.539,0.876,1.909,0.553,0.466,1.526
250,9463.767,9496.412,9498.833,9500.467,1,0.089,-0.028,0.820,-0.535,0.882,1.923,1.065,0.940,2.306
251,9532.666,9553.610,9555.948,9557.535,1,0.103,-0.031,0.821,-0.519,0.899,1.958,0.527,0.449,1.544
252,9564.887,9564.887,9594.992,9596.638,0,0.000,0.000,0.000,0.000,0.000,0.000,-1.000,-1.000,-1.000
253,9599.050,9599.050,9629.159,9630.797,0,0.000,0.000,0.000,0.000,0.000,0.000,-1.000,-1.000,-1.000
254,9664.971,9664.971,9697.220,9698.898,0,0.000,0.000,0.000,0.000,0.000,0.000,-1.000,-1.000,-1.000
255,9733.286,9753.385,9755.774,9757.277,1,0.099,-0.051,0.830,-0.506,0.907,1.989,0.515,0.450,1.435
256,9765.087,9783.135,9785.423,9788.738,1,0.100,-0.053,0.832,-0.503,0.910,1.996,0.551,0.481,1.515
257,9799.379,9820.431,9822.988,9824.561,1,0.103,-0.056,0.833,-0.500,0.912,2.004,0.537,0.440,1.467
258,9831.734,9851.411,9853.772,9855.919,1,0.103,-0.059,0.834,-0.498,0.915,2.007,0.538,0.457,1.564
259,9864.474,9879.996,9882.293,9883.997,1,0.101,-0.060,0.836,-0.497,0.917,2.007,0.536,0.465,1.582
260,9898.732,9919.381,9921.812,9923.356,1,0.100,-0.061,0.838,-0.497,0.918,2.010,0.549,0.489,1.547
261,9931.567,9944.267,9946.557,9948.180,1,0.101,-0.064,0.839,-0.495,0.919,2.014,0.527,0.458,1.620
262,9963.208,9978.281,9980.593,9982.270,1,0.101,-0.064,0.840,-0.493,0.924,2.015,0.543,0.433,1.658
263,9996.538,10009.597,10011.857,10013.505,1,0.100,-0.062,0.841,-0.495,0.927,2.016,0.533,0.424,1.552
264,10031.215,10047.459,10049.759,10051.419,1,0.102,-0.063,0.843,-0.494,0.927,2.021,0.552,0.478,1.509
265,10065.367,10083.636,10086.146,10088.483,1,0.105,-0.063,0.843,-0.490,0.931,2.025,0.549,0.460,1.563
266,10097.590,10114.272,10116.756,10118.398,1,0.106,-0.062,0.843,-0.490,0.936,2.027,0.528,0.442,1.560
267,10130.968,10144.144,10146.436,10148.183,1,0.107,-0.060,0.845,-0.491,0.940,2.030,0.536,0.447,1.578
268,10165.099,10177.701,10179.995,10181.640,1,0.108,-0.060,0.845,-0.490,0.941,2.032,0.543,0.467,1.525
269,10199.223,10213.436,10215.705,10217.406,1,0.108,-0.060,0.846,-0.490,0.944,2.031,0.536,0.442,1.531
270,10231.478,10246.095,10248.424,10250.026,1,0.106,-0.058,0.847,-0.492,0.946,2.029,0.541,0.478,1.561
271,10264.175,10281.207,10283.479,10285.145,1,0.105,-0.058,0.848,-0.493,0.946,2.030,0.533,0.458,1.569
272,10298.884,10313.979,10316.268,10317.897,1,0.104,-0.060,0.849,-0.492,0.945,2.031,0.526,0.416,1.562
273,10331.272,10343.882,10346.338,10347.934,1,0.103,-0.060,0.849,-0.492,0.947,2.030,0.544,0.438,1.569
274,10363.899,10376.433,10378.823,10380.433,1,0.102,-0.059,0.850,-0.494,0.948,2.029,0.544,0.441,1.576
275,10399.772,10420.078,10422.563,10424.042,1,0.100,-0.061,0.850,-0.494,0.945,2.030,0.538,0.482,1.500
276,10431.232,10446.331,10448.648,10450.288,1,0.099,-0.062,0.850,-0.493,0.944,2.029,0.543,0.495,1.553
277,10466.240,10480.803,10483.094,10484.709,1,0.098,-0.062,0.851,-0.493,0.945,2.028,0.537,0.474,1.484
278,10499.098,10512.297,10514.655,10516.262,1,0.098,-0.061,0.852,-0.493,0.946,2.030,0.532,0.449,1.532
279,10531.814,10547.377,10549.670,10551.414,1,0.097,-0.062,0.852,-0.492,0.946,2.032,0.537,0.471,1.549
280,10563.701,10578.654,10581.019,10582.721,1,0.096,-0.062,0.852,-0.491,0.946,2.032,0.529,0.462,1.501
281,10599.907,10611.944,10614.265,10615.973,1,0.094,-0.061,0.853,-0.492,0.947,2.032,0.545,0.489,1.586
282,10631.788,10647.790,10650.118,10651.780,1,0.093,-0.061,0.853,-0.492,0.947,2.033,0.554,0.465,1.589
283,10663.859,10680.550,10682.928,10684.557,1,0.090,-0.064,0.854,-0.491,0.943,2.034,0.537,0.452,1.583
284,10698.342,10716.207,10718.618,10721.937,1,0.088,-0.065,0.854,-0.490,0.941,2.033,0.542,0.429,1.557
285,10732.832,10747.850,10750.171,10751.820,1,0.086,-0.066,0.855,-0.489,0.939,2.035,0.529,0.457,1.548
286,10763.349,10780.014,10782.308,10783.974,1,0.088,-0.067,0.855,-0.485,0.938,2.040,0.529,0.424,1.509
287,10799.257,10815.293,10817.605,10821.720,1,0.092,-0.066,0.855,-0.480,0.938,2.049,0.635,0.583,1.656
288,10832.091,10843.031,10845.356,10847.035,1,0.099,-0.063,0.855,-0.472,0.943,2.062,0.655,0.580,1.599
289,10864.614,10883.429,10885.772,10888.542,1,0.106,-0.060,0.853,-0.466,0.947,2.075,0.568,0.501,1.706
290,10897.875,10912.340,10914.651,10916.331,1,0.112,-0.056,0.853,-0.460,0.950,2.086,0.725,0.626,2.606
291,10931.382,10945.357,10947.649,10949.314,1,0.117,-0.051,0.850,-0.455,0.956,2.098,0.587,0.512,1.523
292,10965.128,10983.080,10985.508,10988.620,1,0.123,-0.046,0.850,-0.451,0.955,2.111,1.036,0.980,2.646
293,10999.426,11015.628,11018.009,11022.020,1,0.132,-0.043,0.847,-0.438,0.960,2.132,0.862,0.849,2.468
294,11032.942,11047.652,11049.946,11051.563,1,0.138,-0.043,0.844,-0.430,0.958,2.148,0.509,0.409,1.478
295,11065.143,11082.778,11085.143,11088.748,1,0.144,-0.041,0.842,-0.421,0.956,2.164,0.663,0.575,1.924
296,11097.174,11112.014,11114.334,11115.996,1,0.151,-0.039,0.838,-0.410,0.957,2.184,0.620,0.581,1.437
297,11132.193,11149.744,11151.968,11155.305,1,0.152,-0.038,0.834,-0.405,0.956,2.191,0.523,0.419,1.426
298,11164.019,11164.019,11193.895,11195.555,0,0.000,0.000,0.000,0.000,0.000,0.000,-1.000,-1.000,-1.000
299,11199.795,11199.795,11230.138,11231.842,0,0.000,0.000,0.000,0.000,0.000,0.000,-1.000,-1.000,-1.000
300,11235.133,11247.422,11249.754,11251.476,1,0.135,-0.021,0.835,-0.407,0.954,2.183,0.722,0.605,1.796
301,11266.431,11282.170,11284.593,11288.497,1,0.129,-0.016,0.837,-0.407,0.950,2.181,0.910,0.685,2.868
302,11298.579,11298.579,11330.614,11332.276,0,0.000,0.000,0.000,0.000,0.000,0.000,-1.000,-1.000,-1.000
303,11364.291,11382.399,11384.788,11388.842,1,0.127,-0.001,0.841,-0.401,0.950,2.194,0.565,0.467,1.794
304,11399.883,11416.774,11419.064,11421.828,1,0.135,0.005,0.843,-0.393,0.955,2.210,0.696,0.594,1.817
305,11431.596,11448.115,11450.380,11455.049,1,0.141,0.008,0.840,-0.389,0.959,2.225,0.499,0.439,1.362
306,11463.977,11486.230,11488.607,11490.090,1,0.144,0.008,0.840,-0.383,0.958,2.238,0.501,0.453,1.441
307,11497.553,11513.835,11516.170,11517.881,1,0.149,0.008,0.838,-0.375,0.958,2.255,0.514,0.457,1.393
308,11530.867,11543.880,11546.163,11547.906,1,0.153,0.008,0.836,-0.367,0.959,2.267,0.487,0.420,1.346
309,11565.251,11583.640,11586.032,11588.456,1,0.154,0.009,0.835,-0.362,0.962,2.275,0.478,0.400,1.335
310,11599.358,11618.292,11620.625,11622.533,1,0.153,0.010,0.834,-0.360,0.963,2.280,0.475,0.397,1.296
311,11629.099,11649.439,11651.862,11655.444,1,0.150,0.010,0.834,-0.358,0.963,2.283,0.484,0.432,1.329
312,11665.503,11685.307,11687.735,11689.439,1,0.147,0.010,0.835,-0.359,0.962,2.283,0.503,0.445,1.344
313,11697.475,11697.475,11728.254,11729.919,0,0.000,0.000,0.000,0.000,0.000,0.000,-1.000,-1.000,-1.000
314,11732.358,11732.358,11762.315,11763.965,0,0.000,0.000,0.000,0.000,0.000,0.000,-1.000,-1.000,-1.000
315,11765.904,11765.904,11795.326,11796.981,0,0.000,0.000,0.000,0.000,0.000,0.000,-1.000,-1.000,-1.000
316,11801.042,11819.545,11821.970,11823.477,1,0.117,0.005,0.841,-0.368,0.943,2.259,0.481,0.395,1.375
317,11830.900,11849.790,11852.197,11855.100,1,0.115,0.004,0.842,-0.369,0.941,2.258,0.470,0.374,1.418
318,11864.327,11881.268,11883.522,11885.124,1,0.113,0.002,0.842,-0.369,0.937,2.258,0.472,0.417,1.395
319,11898.853,11913.890,11916.287,11917.888,1,0.111,-0.000,0.843,-0.368,0.935,2.258,0.476,0.388,1.399
320,11930.533,11946.769,11949.071,11950.700,1,0.112,-0.002,0.843,-0.366,0.932,2.261,0.488,0.463,1.327
321,11964.604,11984.541,11986.872,11988.813,1,0.114,-0.004,0.842,-0.364,0.931,2.266,0.497,0.440,1.329
322,11998.985,12016.024,12018.334,12022.032,1,0.115,-0.007,0.841,-0.361,0.931,2.269,0.470,0.420,1.318
323,12031.080,12045.665,12048.141,12049.834,1,0.115,-0.008,0.839,-0.362,0.932,2.268,0.480,0.413,1.342
324,12065.105,12082.392,12084.906,12088.575,1,0.112,-0.009,0.839,-0.363,0.930,2.265,0.480,0.405,1.442
325,12098.759,12117.654,12120.006,12122.288,1,0.111,-0.009,0.840,-0.362,0.929,2.264,0.473,0.390,1.333
326,12130.294,12145.550,12147.886,12149.504,1,0.112,-0.009,0.839,-0.362,0.930,2.264,0.469,0.391,1.378
327,12165.369,12183.597,12185.922,12188.434,1,0.111,-0.008,0.839,-0.363,0.932,2.261,0.477,0.415,1.365
328,12199.006,12218.481,12220.875,12222.594,1,0.110,-0.006,0.840,-0.366,0.933,2.257,0.479,0.424,1.365
329,12231.903,12250.191,12252.481,12255.075,1,0.108,-0.006,0.841,-0.369,0.932,2.252,0.477,0.411,1.358
330,12265.040,12287.667,12289.997,12291.612,1,0.104,-0.007,0.841,-0.373,0.931,2.243,0.569,0.526,1.419
331,12298.570,12334.655,12337.050,12339.078,1,0.097,-0.006,0.840,-0.377,0.933,2.227,1.366,1.317,3.600
332,12364.219,12401.733,12404.136,12405.700,1,0.079,0.000,0.845,-0.400,0.929,2.188,0.542,0.517,1.587
333,12430.559,12452.934,12455.290,12456.830,1,0.065,-0.002,0.848,-0.415,0.920,2.157,0.531,0.496,1.439
334,12464.880,12498.985,12501.239,12505.278,1,0.060,-0.001,0.849,-0.423,0.919,2.140,0.529,0.463,1.505
335,12532.086,12551.505,12553.905,12555.373,1,0.053,-0.002,0.852,-0.435,0.910,2.118,0.485,0.425,1.365
336,12564.653,12605.264,12607.624,12609.306,1,0.053,-0.002,0.853,-0.436,0.910,2.108,0.510,0.451,1.445
337,12629.957,12649.603,12651.887,12655.221,1,0.051,0.003,0.854,-0.454,0.915,2.083,0.488,0.436,1.377
338,12666.522,12686.659,12689.080,12690.581,1,0.049,0.002,0.855,-0.459,0.910,2.072,0.487,0.416,1.386
339,12698.490,12722.277,12724.620,12726.254,1,0.046,0.002,0.855,-0.465,0.909,2.056,0.526,0.461,1.453
340,12731.982,12750.610,12753.084,12755.033,1,0.042,0.003,0.857,-0.475,0.905,2.039,0.497,0.430,1.454
341,12765.359,12784.163,12786.562,12788.778,1,0.042,0.001,0.859,-0.479,0.898,2.032,0.532,0.499,1.438
342,12800.229,12815.717,12818.008,12821.882,1,0.045,-0.003,0.860,-0.478,0.892,2.027,0.541,0.500,1.391
343,12831.019,12847.174,12849.470,12851.191,1,0.048,-0.005,0.859,-0.481,0.892,2.018,0.507,0.455,1.391
344,12864.363,12881.700,12884.171,12888.526,1,0.047,-0.006,0.860,-0.489,0.886,2.005,0.506,0.484,1.394
345,12897.746,12914.238,12916.530,12918.258,1,0.047,-0.011,0.862,-0.491,0.875,1.995,0.510,0.416,1.387
346,12931.903,12955.825,12958.093,12959.796,1,0.049,-0.015,0.861,-0.494,0.869,1.984,0.513,0.444,1.490
347,12964.671,12981.145,12983.480,12985.172,1,0.048,-0.018,0.862,-0.498,0.860,1.970,0.508,0.448,1.408
348,13000.561,13021.811,13024.133,13025.764,1,0.051,-0.020,0.863,-0.502,0.854,1.957,0.505,0.435,1.488
349,13031.733,13049.978,13052.295,13055.131,1,0.050,-0.022,0.863,-0.508,0.849,1.941,0.491,0.413,1.431
350,13064.862,13085.441,13087.831,13089.329,1,0.050,-0.021,0.865,-0.515,0.845,1.923,0.508,0.456,1.378
351,13098.266,13116.903,13119.296,13121.847,1,0.051,-0.021,0.867,-0.523,0.840,1.906,0.501,0.437,1.386
352,13132.723,13169.620,13171.922,13173.475,1,0.053,-0.024,0.869,-0.527,0.830,1.895,0.727,0.654,1.770
353,13198.783,13231.902,13234.163,13238.340,1,0.066,-0.036,0.870,-0.529,0.814,1.878,0.657,0.544,2.128
354,13263.720,13286.681,13289.082,13290.657,1,0.073,-0.042,0.873,-0.534,0.804,1.853,0.543,0.476,1.460
355,13298.362,13321.424,13323.842,13325.443,1,0.071,-0.040,0.874,-0.544,0.804,1.834,0.657,0.586,1.524
356,13332.124,13352.044,13354.426,13355.936,1,0.065,-0.036,0.876,-0.558,0.806,1.806,0.598,0.513,1.607
357,13364.320,13380.721,13382.964,13384.628,1,0.064,-0.038,0.880,-0.567,0.793,1.797,0.591,0.526,1.390
358,13399.065,13435.086,13437.567,13439.089,1,0.067,-0.048,0.880,-0.565,0.780,1.789,0.641,0.563,2.022
359,13465.623,13480.400,13482.674,13484.315,1,0.062,-0.057,0.879,-0.569,0.765,1.760,0.495,0.436,1.319
360,13498.409,13514.006,13516.399,13518.108,1,0.058,-0.060,0.879,-0.574,0.757,1.745,0.523,0.457,1.375
361,13531.993,13546.252,13548.546,13550.279,1,0.054,-0.064,0.877,-0.577,0.749,1.730,0.530,0.476,1.415
362,13565.262,13565.262,13592.624,13594.212,0,0.000,0.000,0.000,0.000,0.000,0.000,-1.000,-1.000,-1.000
363,13599.874,13599.874,13627.312,13629.198,0,0.000,0.000,0.000,0.000,0.000,0.000,-1.000,-1.000,-1.000
364,13631.165,13631.165,13657.158,13658.770,0,0.000,0.000,0.000,0.000,0.000,0.000,-1.000,-1.000,-1.000
365,13666.238,13666.238,13692.573,13694.140,0,0.000,0.000,0.000,0.000,0.000,0.000,-1.000,-1.000,-1.000
366,13698.651,13698.651,13725.346,13727.013,0,0.000,0.000,0.000,0.000,0.000,0.000,-1.000,-1.000,-1.000
367,13732.796,13747.958,13750.254,13751.956,1,-0.019,-0.033,0.866,-0.645,0.724,1.571,0.623,0.539,2.114
368,13764.343,13780.255,13782.592,13784.228,1,-0.018,-0.029,0.864,-0.651,0.722,1.567,0.697,0.617,2.112
369,13798.996,13814.812,13817.183,13821.607,1,-0.010,-0.026,0.861,-0.650,0.722,1.568,0.617,0.531,1.714
370,13831.967,13842.087,13844.352,13845.954,1,-0.008,-0.025,0.856,-0.656,0.722,1.564,0.516,0.490,1.449
371,13863.105,13876.380,13878.754,13880.460,1,-0.008,-0.028,0.852,-0.656,0.712,1.557,0.545,0.466,1.536
372,13897.467,13912.005,13914.405,13916.112,1,-0.003,-0.030,0.848,-0.651,0.715,1.556,0.933,0.747,3.377
373,13927.989,13927.989,13954.865,13956.388,0,0.000,0.000,0.000,0.000,0.000,0.000,-1.000,-1.000,-1.000
374,13960.091,13972.870,13975.321,13976.929,1,0.010,-0.025,0.844,-0.655,0.714,1.554,0.538,0.461,1.579
375,13999.967,13999.967,14023.715,14025.298,0,0.000,0.000,0.000,0.000,0.000,0.000,-1.000,-1.000,-1.000
376,14031.162,14031.162,14056.640,14058.317,0,0.000,0.000,0.000,0.000,0.000,0.000,-1.000,-1.000,-1.000
377,14064.355,14077.934,14080.368,14082.042,1,0.034,-0.040,0.834,-0.643,0.697,1.560,0.934,0.914,2.249
378,14097.280,14110.312,14112.769,14114.417,1,0.036,-0.046,0.831,-0.640,0.688,1.555,0.533,0.498,1.568
379,14129.957,14143.005,14145.348,14146.976,1,0.038,-0.049,0.829,-0.640,0.681,1.546,0.517,0.530,1.448
380,14165.705,14178.185,14180.483,14182.168,1,0.037,-0.053,0.826,-0.642,0.673,1.535,0.568,0.515,1.530
381,14199.671,14212.569,14214.911,14216.546,1,0.034,-0.058,0.825,-0.642,0.663,1.519,0.560,0.505,1.533
382,14231.106,14241.359,14243.647,14245.212,1,0.030,-0.060,0.824,-0.646,0.655,1.500,0.530,0.481,1.466
383,14266.626,14277.966,14280.397,14282.132,1,0.027,-0.059,0.826,-0.652,0.652,1.481,0.545,0.489,1.578
384,14298.521,14310.137,14312.593,14314.274,1,0.026,-0.058,0.827,-0.658,0.647,1.468,0.539,0.470,1.551
385,14330.890,14342.101,14344.515,14346.150,1,0.027,-0.058,0.829,-0.664,0.643,1.455,0.543,0.485,1.555
386,14364.128,14376.167,14378.533,14380.134,1,0.025,-0.062,0.829,-0.670,0.634,1.441,0.606,0.516,1.619
387,14399.244,14413.168,14415.529,14417.157,1,0.025,-0.069,0.831,-0.668,0.626,1.429,0.705,0.728,1.652
388,14431.955,14444.348,14446.757,14448.390,1,0.029,-0.073,0.833,-0.666,0.622,1.422,0.543,0.474,1.598
389,14464.802,14476.580,14478.929,14480.592,1,0.032,-0.075,0.835,-0.669,0.619,1.416,0.565,0.494,1.446
390,14499.436,14512.252,14514.812,14516.429,1,0.036,-0.079,0.838,-0.670,0.617,1.410,0.611,0.561,1.906
391,14532.280,14547.423,14549.754,14551.450,1,0.041,-0.079,0.842,-0.670,0.620,1.408,0.742,0.628,2.398
392,14564.568,14576.795,14579.142,14580.792,1,0.046,-0.074,0.844,-0.678,0.626,1.402,0.537,0.537,1.596
393,14599.311,14611.399,14613.747,14615.403,1,0.048,-0.074,0.847,-0.685,0.625,1.399,0.551,0.470,1.517
394,14629.921,14640.605,14642.972,14644.522,1,0.051,-0.076,0.849,-0.688,0.627,1.394,0.534,0.457,1.639
395,14665.001,14676.458,14678.913,14680.632,1,0.049,-0.076,0.852,-0.695,0.627,1.384,0.533,0.484,1.488
396,14698.265,14711.919,14714.397,14716.109,1,0.045,-0.077,0.854,-0.702,0.623,1.372,0.532,0.430,1.467
397,14731.639,14744.713,14747.097,14748.852,1,0.043,-0.080,0.858,-0.703,0.620,1.366,0.541,0.498,1.646
398,14766.496,14777.976,14780.334,14782.064,1,0.047,-0.082,0.860,-0.703,0.623,1.366,0.547,0.529,1.561
399,14799.737,14812.916,14815.276,14816.916,1,0.049,-0.079,0.861,-0.708,0.633,1.362,0.608,0.463,1.670
400,14832.134,14847.171,14849.604,14851.272,1,0.046,-0.072,0.865,-0.720,0.638,1.354,0.595,0.514,1.836
401,14862.817,14878.254,14880.573,14882.261,1,0.045,-0.066,0.868,-0.728,0.644,1.349,0.613,0.490,2.004
402,14897.900,14922.484,14924.902,14926.578,1,0.045,-0.058,0.871,-0.739,0.654,1.344,0.647,0.584,2.206
403,14932.176,14944.594,14946.883,14948.502,1,0.043,-0.051,0.874,-0.750,0.659,1.341,0.563,0.507,1.534
404,14965.819,14978.877,14981.263,14982.983,1,0.045,-0.049,0.877,-0.755,0.663,1.343,0.553,0.476,1.598
405,15000.233,15013.237,15015.558,15017.288,1,0.048,-0.050,0.877,-0.757,0.669,1.347,0.536,0.522,1.564
406,15030.964,15042.479,15044.867,15046.547,1,0.049,-0.052,0.877,-0.761,0.672,1.349,0.554,0.490,1.642
407,15064.907,15075.773,15078.155,15079.701,1,0.047,-0.054,0.878,-0.764,0.674,1.346,0.550,0.490,1.536
408,15098.694,15112.512,15114.880,15116.611,1,0.048,-0.055,0.879,-0.766,0.679,1.347,0.553,0.446,1.641
409,15131.224,15131.224,15156.187,15157.692,0,0.000,0.000,0.000,0.000,0.000,0.000,-1.000,-1.000,-1.000
410,15164.535,15164.535,15189.470,15190.904,0,0.000,0.000,0.000,0.000,0.000,0.000,-1.000,-1.000,-1.000
411,15199.748,15199.748,15224.112,15225.754,0,0.000,0.000,0.000,0.000,0.000,0.000,-1.000,-1.000,-1.000
412,15232.401,15232.401,15257.257,15258.920,0,0.000,0.000,0.000,0.000,0.000,0.000,-1.000,-1.000,-1.000
413,15266.838,15278.852,15281.136,15282.801,1,0.071,-0.088,0.872,-0.754,0.693,1.384,0.585,0.524,1.715
414,15298.175,15310.160,15312.493,15314.178,1,0.073,-0.092,0.871,-0.755,0.695,1.386,0.582,0.472,1.788
415,15331.389,15341.892,15344.187,15345.833,1,0.073,-0.095,0.871,-0.756,0.699,1.386,0.567,0.508,1.684
416,15364.178,15375.180,15377.576,15379.210,1,0.075,-0.095,0.871,-0.758,0.705,1.389,0.584,0.574,1.666
417,15400.708,15410.442,15412.897,15414.532,1,0.076,-0.094,0.870,-0.763,0.713,1.389,0.572,0.510,1.677
418,15431.747,15443.139,15445.596,15447.196,1,0.077,-0.090,0.870,-0.769,0.723,1.388,0.616,0.602,1.787
419,15465.158,15480.620,15482.905,15484.614,1,0.078,-0.085,0.869,-0.778,0.732,1.389,0.588,0.558,1.665
420,15499.293,15509.754,15512.221,15513.916,1,0.078,-0.084,0.868,-0.783,0.738,1.389,0.599,0.550,1.745
421,15531.915,15545.227,15547.661,15549.375,1,0.077,-0.082,0.867,-0.789,0.745,1.387,0.614,0.570,1.819
422,15565.941,15578.739,15581.156,15582.811,1,0.074,-0.079,0.866,-0.797,0.750,1.383,0.599,0.584,1.749
423,15600.233,15615.379,15617.828,15621.970,1,0.068,-0.076,0.866,-0.804,0.754,1.375,0.633,0.559,1.868
424,15629.918,15629.918,15652.876,15655.444,0,0.000,0.000,0.000,0.000,0.000,0.000,-1.000,-1.000,-1.000
425,15667.149,15667.149,15690.806,15692.419,0,0.000,0.000,0.000,0.000,0.000,0.000,-1.000,-1.000,-1.000
426,15699.116,15711.819,15714.236,15715.888,1,0.056,-0.057,0.866,-0.835,0.776,1.356,0.649,0.606,1.841
427,15731.516,15731.516,15754.287,15755.768,0,0.000,0.000,0.000,0.000,0.000,0.000,-1.000,-1.000,-1.000
428,15765.949,15765.949,15787.015,15789.047,0,0.000,0.000,0.000,0.000,0.000,0.000,-1.000,-1.000,-1.000
429,15799.412,15799.412,15823.644,15825.299,0,0.000,0.000,0.000,0.000,0.000,0.000,-1.000,-1.000,-1.000
430,15831.407,15845.821,15848.116,15849.746,1,0.038,-0.036,0.861,-0.872,0.802,1.332,0.639,0.496,1.973
431,15864.014,15864.014,15886.879,15888.813,0,0.000,0.000,0.000,0.000,0.000,0.000,-1.000,-1.000,-1.000
432,15897.569,15909.336,15911.616,15913.287,1,0.029,-0.028,0.859,-0.889,0.810,1.322,0.609,0.556,1.885
433,15931.473,15945.445,15947.725,15949.352,1,0.027,-0.029,0.858,-0.893,0.811,1.323,0.634,0.578,1.871
434,15965.719,15977.551,15979.846,15981.518,1,0.025,-0.032,0.856,-0.892,0.811,1.322,0.634,0.597,1.865
435,16000.143,16009.522,16011.831,16013.474,1,0.023,-0.032,0.856,-0.893,0.814,1.321,0.632,0.541,1.884
436,16030.925,16042.610,16044.986,16046.628,1,0.023,-0.033,0.855,-0.895,0.817,1.323,0.642,0.563,1.973
437,16066.067,16077.604,16079.971,16081.702,1,0.021,-0.034,0.854,-0.896,0.817,1.322,0.631,0.559,1.880
438,16099.093,16111.019,16113.420,16115.098,1,0.022,-0.035,0.855,-0.895,0.821,1.326,0.648,0.591,1.905
439,16130.850,16142.870,16145.266,16146.881,1,0.024,-0.033,0.853,-0.895,0.828,1.328,0.651,0.599,1.843
440,16165.450,16175.839,16178.348,16179.925,1,0.025,-0.031,0.853,-0.899,0.833,1.330,0.646,0.595,1.965
441,16200.871,16211.742,16214.164,16215.862,1,0.027,-0.031,0.853,-0.901,0.837,1.334,0.643,0.623,1.923
442,16231.938,16244.050,16246.574,16248.183,1,0.028,-0.033,0.852,-0.900,0.839,1.337,0.645,0.632,1.947
443,16265.514,16275.305,16277.716,16279.358,1,0.028,-0.033,0.851,-0.900,0.842,1.338,0.646,0.575,1.970
444,16298.640,16310.662,16313.219,16314.947,1,0.028,-0.034,0.850,-0.902,0.844,1.339,0.643,0.628,1.941
445,16332.212,16345.648,16348.061,16349.706,1,0.026,-0.036,0.849,-0.902,0.844,1.339,0.663,0.582,2.072
446,16363.887,16374.613,16376.939,16378.535,1,0.025,-0.039,0.849,-0.902,0.844,1.339,0.646,0.563,2.004
447,16399.966,16411.360,16413.757,16415.369,1,0.022,-0.040,0.847,-0.904,0.845,1.336,0.663,0.602,1.997
448,16431.380,16443.421,16445.934,16447.594,1,0.017,-0.039,0.847,-0.908,0.845,1.331,0.664,0.603,1.980
449,16467.318,16478.739,16481.139,16482.852,1,0.013,-0.040,0.847,-0.911,0.843,1.328,0.663,0.617,1.989
450,16497.699,16509.103,16511.661,16513.346,1,0.012,-0.042,0.847,-0.911,0.843,1.327,0.651,0.580,1.949
451,16531.508,16543.571,16546.083,16547.765,1,0.012,-0.042,0.846,-0.912,0.846,1.328,0.669,0.596,1.917
452,16565.605,16576.938,16579.426,16581.042,1,0.013,-0.043,0.846,-0.912,0.848,1.330,0.669,0.611,2.004
453,16599.067,16611.565,16613.933,16615.596,1,0.018,-0.045,0.845,-0.911,0.852,1.336,0.687,0.646,2.008
454,16630.872,16642.689,16645.019,16646.642,1,0.022,-0.048,0.842,-0.909,0.857,1.341,0.670,0.608,2.094
455,16665.387,16677.393,16679.885,16681.628,1,0.025,-0.049,0.841,-0.909,0.861,1.344,0.661,0.580,1.959
456,16700.445,16712.092,16714.524,16716.144,1,0.027,-0.049,0.839,-0.910,0.866,1.346,0.672,0.570,2.020
457,16731.903,16742.899,16745.348,16746.979,1,0.027,-0.048,0.839,-0.913,0.871,1.344,0.675,0.642,2.021
458,16764.747,16775.712,16778.073,16779.798,1,0.028,-0.048,0.838,-0.916,0.873,1.346,0.679,0.630,2.149
459,16800.310,16811.750,16814.131,16815.834,1,0.030,-0.052,0.836,-0.914,0.871,1.349,0.712,0.548,2.214
460,16831.831,16843.121,16845.636,16847.324,1,0.029,-0.057,0.834,-0.912,0.869,1.349,0.680,0.592,2.040
461,16865.097,16876.375,16878.880,16880.549,1,0.029,-0.058,0.833,-0.911,0.872,1.348,0.686,0.619,2.116
462,16897.630,16908.659,16911.081,16912.704,1,0.027,-0.054,0.833,-0.916,0.876,1.343,0.686,0.659,2.012
463,16932.622,16944.513,16947.027,16948.737,1,0.028,-0.053,0.833,-0.918,0.879,1.346,0.689,0.590,2.125
464,16964.882,16975.930,16978.353,16980.016,1,0.033,-0.053,0.833,-0.917,0.883,1.351,0.715,0.688,2.124
465,17000.034,17014.848,17017.350,17021.675,1,0.038,-0.054,0.831,-0.916,0.888,1.358,0.696,0.634,2.087
466,17031.828,17042.445,17044.787,17046.399,1,0.043,-0.054,0.829,-0.916,0.894,1.362,0.680,0.636,2.036
467,17066.293,17080.918,17083.332,17085.024,1,0.042,-0.053,0.827,-0.919,0.900,1.359,0.719,0.696,2.283
468,17098.263,17109.315,17111.611,17113.274,1,0.040,-0.048,0.826,-0.928,0.907,1.354,0.698,0.671,2.181
469,17132.221,17142.617,17145.027,17146.715,1,0.039,-0.046,0.826,-0.933,0.909,1.353,0.695,0.654,2.153
470,17165.298,17176.114,17178.538,17180.167,1,0.041,-0.046,0.826,-0.933,0.911,1.354,0.702,0.645,2.118
471,17199.680,17212.061,17214.486,17216.109,1,0.042,-0.045,0.825,-0.935,0.915,1.354,0.703,0.628,2.101
472,17231.696,17242.974,17245.406,17247.128,1,0.041,-0.045,0.824,-0.938,0.916,1.353,0.702,0.647,2.165
473,17265.468,17276.147,17278.575,17280.216,1,0.039,-0.046,0.823,-0.940,0.915,1.350,0.708,0.615,2.131
474,17298.941,17321.090,17323.397,17324.943,1,0.035,-0.047,0.822,-0.942,0.914,1.347,0.703,0.654,2.152
475,17331.402,17343.682,17345.979,17347.585,1,0.032,-0.050,0.822,-0.943,0.911,1.345,0.730,0.673,2.316
476,17363.896,17363.896,17388.319,17389.757,0,0.000,0.000,0.000,0.000,0.000,0.000,-1.000,-1.000,-1.000
477,17400.889,17410.799,17413.135,17414.768,1,0.027,-0.057,0.819,-0.941,0.907,1.343,0.707,0.649,2.124
478,17431.563,17431.563,17456.181,17457.818,0,0.000,0.000,0.000,0.000,0.000,0.000,-1.000,-1.000,-1.000
479,17465.755,17465.755,17489.277,17490.804,0,0.000,0.000,0.000,0.000,0.000,0.000,-1.000,-1.000,-1.000
480,17500.276,17500.276,17524.231,17525.889,0,0.000,0.000,0.000,0.000,0.000,0.000,-1.000,-1.000,-1.000
481,17531.955,17531.955,17555.881,17557.520,0,0.000,0.000,0.000,0.000,0.000,0.000,-1.000,-1.000,-1.000
482,17566.074,17566.074,17588.508,17589.947,0,0.000,0.000,0.000,0.000,0.000,0.000,-1.000,-1.000,-1.000
483,17599.582,17599.582,17623.910,17625.561,0,0.000,0.000,0.000,0.000,0.000,0.000,-1.000,-1.000,-1.000
484,17631.207,17631.207,17654.230,17655.950,0,0.000,0.000,0.000,0.000,0.000,0.000,-1.000,-1.000,-1.000
485,17664.730,17674.687,17676.907,17678.555,1,0.001,-0.076,0.812,-0.942,0.888,1.326,0.731,0.680,2.194
486,17698.622,17698.622,17723.791,17725.447,0,0.000,0.000,0.000,0.000,0.000,0.000,-1.000,-1.000,-1.000
487,17731.690,17742.054,17744.386,17746.069,1,-0.004,-0.076,0.810,-0.945,0.885,1.321,0.739,0.645,2.242
488,17766.771,17766.771,17790.423,17792.023,0,0.000,0.000,0.000,0.000,0.000,0.000,-1.000,-1.000,-1.000
489,17801.390,17811.714,17814.048,17815.671,1,-0.011,-0.072,0.811,-0.950,0.885,1.313,0.730,0.685,2.269
490,17831.242,17841.580,17843.928,17845.615,1,-0.013,-0.071,0.810,-0.952,0.884,1.311,0.730,0.713,2.279
491,17865.323,17875.984,17878.537,17880.133,1,-0.015,-0.070,0.810,-0.953,0.883,1.309,0.742,0.645,2.332
492,17898.528,17909.237,17911.576,17913.198,1,-0.016,-0.069,0.811,-0.953,0.884,1.308,0.730,0.660,2.227
493,17931.149,17931.149,17969.536,17971.892,0,0.000,0.000,0.000,0.000,0.000,0.000,-1.000,-1.000,-1.000
494,18000.468,18000.468,18031.593,18033.217,0,0.000,0.000,0.000,0.000,0.000,0.000,-1.000,-1.000,-1.000
495,18065.341,18075.577,18077.934,18079.644,1,-0.017,-0.066,0.810,-0.955,0.884,1.307,0.741,0.625,2.305
496,18097.999,18108.455,18110.778,18112.443,1,-0.018,-0.066,0.811,-0.956,0.884,1.306,0.728,0.683,2.265
497,18131.622,18142.925,18145.384,18146.975,1,-0.018,-0.065,0.811,-0.955,0.883,1.307,0.734,0.650,2.244
498,18165.673,18176.568,18179.037,18180.620,1,-0.017,-0.066,0.810,-0.954,0.882,1.307,0.738,0.715,2.234
499,18199.772,18210.857,18213.377,18215.023,1,-0.018,-0.066,0.810,-0.954,0.882,1.307,0.730,0.658,2.266
500,18231.308,18231.308,18259.036,18260.575,0,0.000,0.000,0.000,0.000,0.000,0.000,-1.000,-1.000,-1.000
501,18266.232,18292.176,18294.437,18296.074,1,-0.018,-0.064,0.810,-0.955,0.883,1.306,0.738,0.659,2.248
502,18299.865,18325.740,18328.242,18329.903,1,-0.019,-0.063,0.810,-0.956,0.882,1.305,0.732,0.667,2.281
503,18333.264,18360.218,18362.628,18364.303,1,-0.020,-0.063,0.810,-0.956,0.881,1.305,0.737,0.706,2.238
504,18400.465,18411.748,18414.153,18415.891,1,-0.018,-0.065,0.809,-0.954,0.879,1.307,0.731,0.670,2.226
505,18430.876,18442.253,18444.670,18446.360,1,-0.017,-0.067,0.809,-0.952,0.878,1.308,0.740,0.728,2.333
506,18465.609,18465.609,18493.442,18495.119,0,0.000,0.000,0.000,0.000,0.000,0.000,-1.000,-1.000,-1.000
507,18499.630,18524.191,18526.550,18528.151,1,-0.015,-0.071,0.809,-0.948,0.876,1.310,0.739,0.673,2.264
508,18532.187,18554.857,18557.183,18558.856,1,-0.012,-0.071,0.809,-0.946,0.877,1.312,0.740,0.631,2.263
509,18566.179,18590.585,18593.034,18594.694,1,-0.009,-0.072,0.809,-0.945,0.878,1.315,0.740,0.626,2.264
510,18599.560,18621.816,18624.247,18625.906,1,-0.006,-0.072,0.809,-0.943,0.879,1.318,0.734,0.711,2.241
511,18631.999,18642.669,18645.124,18646.826,1,-0.003,-0.072,0.809,-0.943,0.881,1.319,0.751,0.667,2.242
512,18665.291,18675.396,18677.852,18679.529,1,-0.001,-0.071,0.809,-0.943,0.882,1.320,0.750,0.669,2.212
513,18698.796,18709.575,18711.999,18713.634,1,0.003,-0.071,0.809,-0.942,0.883,1.322,0.751,0.647,2.315
514,18732.145,18742.264,18744.602,18746.200,1,0.005,-0.071,0.808,-0.941,0.885,1.324,0.747,0.685,2.224
515,18766.232,18777.681,18780.104,18781.731,1,0.007,-0.071,0.808,-0.941,0.885,1.325,0.749,0.710,2.342
516,18799.863,18810.427,18812.810,18814.446,1,0.010,-0.071,0.808,-0.940,0.884,1.327,0.742,0.653,2.281
517,18832.043,18856.632,18859.021,18860.704,1,0.013,-0.073,0.808,-0.936,0.884,1.330,0.743,0.664,2.238
518,18865.898,18889.882,18892.268,18893.944,1,0.015,-0.072,0.808,-0.934,0.885,1.332,0.733,0.648,2.225
519,18899.129,18921.132,18923.411,18925.027,1,0.014,-0.072,0.808,-0.933,0.882,1.331,0.739,0.674,2.327
520,18931.873,18954.271,18956.663,18958.273,1,0.011,-0.071,0.808,-0.933,0.877,1.328,0.745,0.621,2.193
521,18965.118,18988.557,18990.919,18992.476,1,0.007,-0.071,0.809,-0.932,0.870,1.324,0.742,0.656,2.277
522,19000.540,19023.441,19025.782,19027.442,1,0.002,-0.071,0.810,-0.929,0.861,1.320,0.749,0.706,2.205
523,19032.041,19032.041,19054.595,19056.128,0,0.000,0.000,0.000,0.000,0.000,0.000,-1.000,-1.000,-1.000
524,19061.705,19061.705,19085.635,19088.499,0,0.000,0.000,0.000,0.000,0.000,0.000,-1.000,-1.000,-1.000
525,19099.251,19099.251,19122.697,19124.146,0,0.000,0.000,0.000,0.000,0.000,0.000,-1.000,-1.000,-1.000
526,19131.594,19131.594,19155.438,19156.889,0,0.000,0.000,0.000,0.000,0.000,0.000,-1.000,-1.000,-1.000
527,19166.148,19166.148,19188.221,19189.658,0,0.000,0.000,0.000,0.000,0.000,0.000,-1.000,-1.000,-1.000
528,19199.204,19199.204,19223.432,19225.049,0,0.000,0.000,0.000,0.000,0.000,0.000,-1.000,-1.000,-1.000
529,19231.836,19231.836,19255.559,19257.008,0,0.000,0.000,0.000,0.000,0.000,0.000,-1.000,-1.000,-1.000
530,19265.984,19265.984,19290.025,19291.630,0,0.000,0.000,0.000,0.000,0.000,0.000,-1.000,-1.000,-1.000
531,19299.109,19312.352,19314.575,19316.213,1,0.007,-0.157,0.811,-0.798,0.728,1.367,0.771,0.707,2.361
532,19332.473,19345.851,19348.278,19349.981,1,0.005,-0.163,0.813,-0.785,0.714,1.368,0.734,0.675,2.057
533,19363.621,19374.948,19377.170,19378.883,1,0.007,-0.167,0.814,-0.774,0.705,1.370,0.683,0.643,2.082
534,19399.787,19410.628,19412.941,19414.630,1,0.007,-0.167,0.815,-0.767,0.698,1.369,0.679,0.622,2.130
535,19430.737,19430.737,19453.238,19455.236,0,0.000,0.000,0.000,0.000,0.000,0.000,-1.000,-1.000,-1.000
536,19465.231,19465.231,19488.435,19489.951,0,0.000,0.000,0.000,0.000,0.000,0.000,-1.000,-1.000,-1.000
537,19498.313,19498.313,19521.539,19523.081,0,0.000,0.000,0.000,0.000,0.000,0.000,-1.000,-1.000,-1.000
538,19532.961,19532.961,19556.003,19557.598,0,0.000,0.000,0.000,0.000,0.000,0.000,-1.000,-1.000,-1.000
539,19565.522,19565.522,19588.188,19589.709,0,0.000,0.000,0.000,0.000,0.000,0.000,-1.000,-1.000,-1.000
540,19599.672,19599.672,19622.584,19624.116,0,0.000,0.000,0.000,0.000,0.000,0.000,-1.000,-1.000,-1.000
541,19631.015,19631.015,19654.355,19655.967,0,0.000,0.000,0.000,0.000,0.000,0.000,-1.000,-1.000,-1.000
542,19666.032,19679.786,19682.107,19683.755,1,0.050,-0.123,0.833,-0.737,0.701,1.410,0.671,0.651,2.091
543,19698.681,19708.207,19710.525,19712.225,1,0.051,-0.121,0.833,-0.733,0.696,1.413,0.610,0.592,1.778
544,19734.005,19745.482,19747.728,19749.414,1,0.052,-0.122,0.834,-0.727,0.687,1.416,0.618,0.583,1.797
545,19765.629,19781.822,19784.200,19788.359,1,0.055,-0.125,0.834,-0.717,0.680,1.420,0.602,0.556,1.816
546,19799.289,19816.570,19818.960,19821.704,1,0.054,-0.127,0.834,-0.711,0.671,1.420,0.627,0.576,1.842
547,19831.833,19849.705,19852.014,19855.138,1,0.049,-0.132,0.836,-0.703,0.657,1.417,0.607,0.539,1.738
548,19864.669,19864.669,19887.878,19889.481,0,0.000,0.000,0.000,0.000,0.000,0.000,-1.000,-1.000,-1.000
549,19898.884,19914.294,19916.588,19918.209,1,0.055,-0.141,0.838,-0.679,0.639,1.428,0.578,0.560,1.832
550,19931.518,19949.689,19951.983,19955.210,1,0.056,-0.145,0.839,-0.670,0.629,1.432,0.591,0.541,1.659
551,19965.159,19993.357,19995.660,19997.306,1,0.058,-0.151,0.838,-0.659,0.620,1.438,0.594,0.454,1.875
552,20003.181,20018.190,20020.574,20022.435,1,0.055,-0.156,0.838,-0.648,0.610,1.438,0.551,0.470,1.701
553,20031.944,20042.520,20044.843,20046.504,1,0.053,-0.160,0.840,-0.640,0.599,1.438,0.580,0.501,1.761
554,20067.028,20079.326,20081.622,20083.329,1,0.052,-0.165,0.839,-0.629,0.589,1.440,0.555,0.495,1.531
555,20101.070,20115.703,20118.056,20121.838,1,0.050,-0.166,0.840,-0.621,0.583,1.439,0.537,0.499,1.600
556,20131.577,20143.417,20145.761,20147.445,1,0.052,-0.166,0.842,-0.614,0.578,1.445,0.562,0.539,1.500
557,20166.412,20180.879,20183.157,20184.766,1,0.057,-0.165,0.842,-0.606,0.577,1.454,0.513,0.492,1.573
558,20200.671,20209.708,20211.988,20213.675,1,0.057,-0.165,0.841,-0.602,0.572,1.459,0.527,0.510,1.561
559,20231.655,20243.866,20246.286,20247.958,1,0.056,-0.168,0.841,-0.594,0.562,1.463,0.534,0.466,1.510
560,20266.405,20277.204,20279.580,20281.203,1,0.061,-0.171,0.839,-0.580,0.557,1.475,0.528,0.437,1.451
561,20303.012,20315.910,20318.424,20322.100,1,0.065,-0.169,0.837,-0.574,0.560,1.482,0.531,0.440,1.522
562,20334.261,20334.261,20356.953,20358.516,0,0.000,0.000,0.000,0.000,0.000,0.000,-1.000,-1.000,-1.000
563,20364.822,20364.822,20387.748,20389.518,0,0.000,0.000,0.000,0.000,0.000,0.000,-1.000,-1.000,-1.000
564,20400.691,20400.691,20423.532,20425.168,0,0.000,0.000,0.000,0.000,0.000,0.000,-1.000,-1.000,-1.000
565,20431.157,20431.157,20453.872,20455.875,0,0.000,0.000,0.000,0.000,0.000,0.000,-1.000,-1.000,-1.000
566,20465.875,20479.474,20481.742,20483.360,1,0.032,-0.132,0.835,-0.578,0.551,1.456,0.873,0.729,2.634
567,20498.968,20498.968,20521.556,20523.075,0,0.000,0.000,0.000,0.000,0.000,0.000,-1.000,-1.000,-1.000
568,20533.228,20533.228,20556.136,20557.760,0,0.000,0.000,0.000,0.000,0.000,0.000,-1.000,-1.000,-1.000
569,20565.914,20565.914,20588.953,20590.500,0,0.000,0.000,0.000,0.000,0.000,0.000,-1.000,-1.000,-1.000
570,20600.758,20600.758,20625.335,20626.954,0,0.000,0.000,0.000,0.000,0.000,0.000,-1.000,-1.000,-1.000
571,20631.457,20631.457,20656.194,20657.647,0,0.000,0.000,0.000,0.000,0.000,0.000,-1.000,-1.000,-1.000
572,20665.143,20665.143,20688.830,20690.347,0,0.000,0.000,0.000,0.000,0.000,0.000,-1.000,-1.000,-1.000
573,20700.483,20713.537,20715.850,20717.548,1,-0.008,-0.064,0.823,-0.599,0.550,1.424,0.497,0.418,1.498
574,20732.498,20792.443,20794.732,20796.464,1,-0.014,-0.062,0.819,-0.597,0.545,1.420,0.725,0.655,1.696
575,20800.707,20851.892,20854.324,20855.808,1,-0.022,-0.055,0.815,-0.586,0.535,1.419,0.463,0.421,1.339
576,20864.626,20864.626,20891.149,20892.791,0,0.000,0.000,0.000,0.000,0.000,0.000,-1.000,-1.000,-1.000
577,20898.382,20983.003,20985.386,20988.722,1,0.006,-0.064,0.805,-0.551,0.527,1.490,2.770,2.279,13.889
578,21000.133,21012.692,21015.096,21016.768,1,0.000,-0.062,0.794,-0.530,0.520,1.502,0.561,0.480,1.339
579,21032.025,21091.976,21094.300,21095.961,1,-0.003,-0.062,0.791,-0.526,0.512,1.503,0.934,0.943,1.921
580,21103.055,21115.449,21117.766,21121.842,1,-0.012,-0.073,0.784,-0.506,0.486,1.502,0.447,0.400,1.394
581,21131.965,21146.991,21149.311,21151.054,1,-0.010,-0.077,0.779,-0.496,0.480,1.512,0.673,0.604,1.644
582,21166.175,21179.674,21182.104,21183.737,1,-0.018,-0.081,0.774,-0.492,0.470,1.503,0.603,0.559,1.429
583,21201.797,21248.155,21250.567,21255.015,1,-0.021,-0.080,0.773,-0.482,0.464,1.500,0.447,0.390,1.210
584,21264.615,21309.006,21311.374,21313.052,1,-0.021,-0.086,0.766,-0.468,0.449,1.508,0.442,0.406,1.230
585,21330.832,21376.406,21378.717,21380.342,1,-0.015,-0.085,0.762,-0.457,0.443,1.523,0.440,0.368,1.148
586,21400.242,21454.197,21456.464,21458.141,1,-0.020,-0.087,0.756,-0.450,0.431,1.514,0.437,0.393,1.185
587,21465.793,21477.199,21479.513,21481.128,1,-0.022,-0.095,0.749,-0.435,0.411,1.512,0.435,0.391,1.175
588,21498.947,21510.006,21512.325,21514.000,1,-0.020,-0.096,0.747,-0.427,0.410,1.514,0.433,0.416,1.227
589,21531.358,21545.049,21547.406,21549.159,1,-0.014,-0.095,0.746,-0.423,0.408,1.526,0.480,0.419,1.235
590,21565.183,21579.524,21581.993,21583.646,1,-0.006,-0.097,0.744,-0.417,0.405,1.539,0.514,0.458,1.286
591,21600.205,21610.729,21613.059,21614.774,1,-0.002,-0.100,0.741,-0.410,0.406,1.543,0.416,0.362,1.094
592,21630.464,21643.743,21646.202,21647.903,1,0.001,-0.100,0.740,-0.405,0.407,1.544,0.419,0.397,1.144
593,21665.458,21676.943,21679.290,21680.910,1,0.004,-0.099,0.739,-0.406,0.407,1.547,0.408,0.382,1.102
594,21700.079,21746.447,21748.929,21750.648,1,0.005,-0.101,0.737,-0.402,0.402,1.546,0.446,0.416,1.186
595,21766.318,21808.864,21811.286,21813.020,1,0.012,-0.106,0.733,-0.385,0.403,1.543,0.396,0.367,1.071
596,21833.691,21886.816,21889.176,21890.716,1,0.016,-0.106,0.732,-0.383,0.404,1.545,0.406,0.379,1.027
597,21897.721,21944.530,21946.922,21948.635,1,0.017,-0.107,0.731,-0.379,0.402,1.540,0.409,0.371,1.070
598,21966.090,22021.290,22023.643,22025.305,1,0.020,-0.107,0.730,-0.378,0.405,1.546,0.396,0.352,1.111
599,22032.111,22077.267,22079.618,22081.262,1,0.020,-0.101,0.730,-0.389,0.411,1.557,0.423,0.379,1.029
600,22100.133,22158.478,22161.460,22163.487,1,0.016,-0.089,0.731,-0.408,0.421,1.558,0.653,0.523,2.016
601,22166.979,22316.244,22318.550,22321.933,1,0.003,-0.072,0.732,-0.437,0.438,1.523,2.125,2.105,3.569
602,22331.512,22372.088,22374.584,22376.194,1,0.007,-0.077,0.728,-0.453,0.442,1.523,0.439,0.418,1.129
603,22401.442,22444.295,22446.622,22448.346,1,0.000,-0.075,0.727,-0.469,0.450,1.498,0.453,0.440,1.182
604,22465.734,22515.653,22517.974,22521.708,1,0.000,-0.060,0.728,-0.491,0.491,1.476,1.487,1.220,4.285
605,22532.605,22542.710,22545.114,22546.778,1,-0.005,-0.050,0.732,-0.525,0.490,1.456,0.460,0.418,1.148
606,22566.325,22579.811,22582.152,22583.851,1,-0.007,-0.047,0.734,-0.535,0.497,1.441,0.522,0.469,1.377
607,22600.656,22611.368,22613.627,22615.335,1,-0.013,-0.044,0.739,-0.552,0.497,1.422,0.482,0.450,1.318
608,22631.134,22644.965,22647.223,22648.871,1,-0.013,-0.046,0.744,-0.558,0.494,1.414,0.551,0.510,2.085
609,22666.591,22677.424,22679.735,22681.384,1,-0.013,-0.050,0.747,-0.564,0.498,1.401,0.491,0.426,1.192
610,22699.035,22712.261,22714.722,22716.410,1,-0.017,-0.052,0.752,-0.574,0.496,1.384,0.504,0.457,1.330
611,22733.764,22747.006,22749.328,22751.014,1,-0.020,-0.057,0.757,-0.581,0.489,1.369,0.580,0.453,1.847
612,22766.207,22778.882,22781.117,22782.783,1,-0.022,-0.064,0.762,-0.585,0.489,1.353,0.564,0.462,1.441
613,22801.832,22815.578,22818.039,22821.911,1,-0.023,-0.070,0.766,-0.591,0.487,1.338,0.536,0.507,1.385
614,22832.197,22860.134,22862.520,22864.234,1,-0.025,-0.077,0.771,-0.598,0.467,1.329,1.929,1.873,5.524
615,22866.550,22893.397,22895.829,22897.541,1,-0.027,-0.091,0.778,-0.596,0.482,1.307,3.207,2.736,12.818
616,22899.832,22918.040,22920.357,22922.452,1,-0.028,-0.102,0.781,-0.592,0.477,1.291,3.191,2.176,9.110
617,22932.679,22958.021,22960.444,22962.103,1,-0.029,-0.112,0.789,-0.605,0.467,1.279,1.237,1.013,3.936
618,22965.967,22982.727,22985.054,22988.617,1,-0.028,-0.119,0.795,-0.605,0.464,1.269,0.604,0.517,1.537
619,23000.409,23014.008,23016.304,23017.929,1,-0.028,-0.123,0.801,-0.612,0.465,1.257,0.524,0.482,1.621
620,23032.071,23045.957,23048.310,23049.973,1,-0.028,-0.126,0.808,-0.621,0.465,1.246,0.546,0.504,1.377
621,23066.336,23079.630,23081.894,23083.627,1,-0.030,-0.131,0.815,-0.628,0.465,1.233,0.588,0.499,1.651
622,23099.201,23113.140,23115.493,23117.151,1,-0.034,-0.135,0.820,-0.636,0.462,1.217,0.558,0.471,1.650
623,23132.408,23145.982,23148.235,23149.889,1,-0.038,-0.140,0.827,-0.642,0.460,1.202,0.533,0.467,1.422
624,23166.291,23180.213,23182.587,23184.247,1,-0.037,-0.143,0.834,-0.646,0.462,1.192,0.556,0.495,1.611
625,23199.652,23211.771,23214.132,23215.739,1,-0.036,-0.144,0.838,-0.654,0.466,1.186,0.523,0.507,1.451
626,23232.662,23246.877,23249.265,23250.969,1,-0.040,-0.144,0.843,-0.665,0.465,1.171,0.543,0.522,1.404
627,23266.236,23278.119,23280.491,23282.199,1,-0.043,-0.145,0.848,-0.671,0.464,1.158,0.531,0.523,1.441
628,23300.572,23316.640,23319.008,23321.543,1,-0.048,-0.144,0.850,-0.681,0.465,1.143,0.655,0.581,1.536
629,23333.839,23360.903,23363.249,23364.939,1,-0.057,-0.141,0.853,-0.691,0.462,1.122,0.657,0.641,1.562
630,23367.167,23367.167,23394.568,23396.245,0,0.000,0.000,0.000,0.000,0.000,0.000,-1.000,-1.000,-1.000
631,23400.298,23400.298,23427.956,23429.611,0,0.000,0.000,0.000,0.000,0.000,0.000,-1.000,-1.000,-1.000
632,23432.901,23432.901,23461.080,23462.756,0,0.000,0.000,0.000,0.000,0.000,0.000,-1.000,-1.000,-1.000
633,23466.809,23466.809,23494.963,23496.659,0,0.000,0.000,0.000,0.000,0.000,0.000,-1.000,-1.000,-1.000
634,23500.482,23516.738,23519.016,23521.694,1,-0.087,-0.092,0.873,-0.763,0.472,1.036,0.594,0.450,1.861
635,23533.587,23550.715,23553.053,23554.591,1,-0.084,-0.086,0.874,-0.772,0.474,1.032,0.594,0.472,1.599
636,23565.129,23581.582,23583.832,23588.223,1,-0.080,-0.081,0.877,-0.778,0.477,1.027,0.648,0.538,1.734
637,23602.191,23620.591,23622.981,23624.425,1,-0.078,-0.076,0.877,-0.787,0.479,1.021,0.578,0.480,1.587
638,23630.759,23645.179,23647.395,23649.019,1,-0.079,-0.072,0.878,-0.794,0.477,1.011,0.544,0.477,1.397
639,23667.413,23683.797,23686.109,23688.362,1,-0.079,-0.073,0.878,-0.798,0.471,1.005,0.558,0.548,1.495
640,23699.591,23711.782,23713.956,23715.604,1,-0.079,-0.076,0.877,-0.797,0.468,0.997,0.533,0.518,1.417
641,23733.200,23733.200,23763.014,23764.684,0,0.000,0.000,0.000,0.000,0.000,0.000,-1.000,-1.000,-1.000
642,23767.024,23781.728,23783.989,23788.304,1,-0.078,-0.068,0.880,-0.807,0.467,0.980,0.568,0.534,1.609
643,23801.541,23817.016,23819.515,23821.673,1,-0.079,-0.070,0.877,-0.810,0.463,0.971,0.659,0.621,1.745
644,23831.575,23831.575,23858.507,23860.140,0,0.000,0.000,0.000,0.000,0.000,0.000,-1.000,-1.000,-1.000
645,23866.657,23866.657,23896.283,23897.982,0,0.000,0.000,0.000,0.000,0.000,0.000,-1.000,-1.000,-1.000
646,23933.171,23933.171,23961.059,23962.765,0,0.000,0.000,0.000,0.000,0.000,0.000,-1.000,-1.000,-1.000
647,23966.139,23978.829,23981.229,23982.908,1,-0.110,-0.047,0.877,-0.848,0.436,0.885,0.551,0.507,1.643
648,24001.577,24001.577,24029.266,24030.955,0,0.000,0.000,0.000,0.000,0.000,0.000,-1.000,-1.000,-1.000
649,24033.409,24033.409,24061.912,24063.590,0,0.000,0.000,0.000,0.000,0.000,0.000,-1.000,-1.000,-1.000
650,24067.205,24067.205,24094.394,24095.964,0,0.000,0.000,0.000,0.000,0.000,0.000,-1.000,-1.000,-1.000
651,24101.690,24114.149,24116.549,24118.235,1,-0.120,-0.025,0.879,-0.876,0.423,0.834,0.556,0.555,1.559
652,24132.609,24152.148,24154.823,24156.292,1,-0.121,-0.023,0.879,-0.878,0.420,0.822,0.590,0.512,1.598
653,24166.258,24183.813,24186.207,24189.093,1,-0.122,-0.019,0.878,-0.883,0.417,0.814,0.572,0.545,1.423
654,24204.520,24219.269,24221.685,24223.153,1,-0.122,-0.019,0.877,-0.884,0.411,0.807,0.563,0.531,1.586
655,24232.157,24232.157,24258.503,24260.115,0,0.000,0.000,0.000,0.000,0.000,0.000,-1.000,-1.000,-1.000
656,24267.661,24267.661,24293.813,24295.492,0,0.000,0.000,0.000,0.000,0.000,0.000,-1.000,-1.000,-1.000
657,24300.369,24315.653,24317.987,24321.825,1,-0.115,-0.035,0.870,-0.871,0.396,0.796,0.594,0.560,1.656
658,24333.947,24333.947,24359.430,24361.036,0,0.000,0.000,0.000,0.000,0.000,0.000,-1.000,-1.000,-1.000
659,24364.800,24364.800,24390.275,24391.900,0,0.000,0.000,0.000,0.000,0.000,0.000,-1.000,-1.000,-1.000
660,24402.637,24402.637,24428.245,24429.847,0,0.000,0.000,0.000,0.000,0.000,0.000,-1.000,-1.000,-1.000
661,24433.852,24433.852,24459.359,24460.970,0,0.000,0.000,0.000,0.000,0.000,0.000,-1.000,-1.000,-1.000
662,24467.515,24467.515,24494.730,24496.393,0,0.000,0.000,0.000,0.000,0.000,0.000,-1.000,-1.000,-1.000
663,24500.519,24500.519,24528.154,24529.849,0,0.000,0.000,0.000,0.000,0.000,0.000,-1.000,-1.000,-1.000
664,24534.799,24534.799,24562.729,24564.441,0,0.000,0.000,0.000,0.000,0.000,0.000,-1.000,-1.000,-1.000
665,24568.539,24568.539,24596.573,24598.229,0,0.000,0.000,0.000,0.000,0.000,0.000,-1.000,-1.000,-1.000
666,24601.790,24601.790,24631.065,24632.744,0,0.000,0.000,0.000,0.000,0.000,0.000,-1.000,-1.000,-1.000
667,24666.853,24666.853,24693.595,24695.168,0,0.000,0.000,0.000,0.000,0.000,0.000,-1.000,-1.000,-1.000
668,24700.140,24719.735,24722.195,24723.667,1,-0.102,-0.126,0.821,-0.792,0.327,0.746,0.584,0.523,1.702
669,24734.115,24751.875,24754.235,24755.877,1,-0.103,-0.126,0.818,-0.792,0.324,0.738,0.604,0.559,1.661
670,24765.205,24781.455,24783.734,24788.414,1,-0.104,-0.126,0.816,-0.793,0.321,0.730,0.596,0.550,1.664
671,24801.074,24819.694,24822.140,24823.606,1,-0.104,-0.125,0.813,-0.793,0.318,0.724,0.602,0.547,1.732
672,24832.880,24849.914,24852.188,24854.995,1,-0.103,-0.125,0.811,-0.793,0.315,0.719,0.595,0.552,1.620
673,24865.530,24879.760,24882.105,24883.728,1,-0.103,-0.126,0.807,-0.793,0.311,0.713,0.602,0.548,1.673
674,24900.321,24911.747,24914.010,24915.667,1,-0.104,-0.127,0.804,-0.791,0.306,0.704,0.602,0.554,1.706
675,24933.413,24945.130,24947.392,24949.092,1,-0.103,-0.127,0.803,-0.789,0.305,0.699,0.598,0.575,1.647
676,24967.192,24979.490,24981.735,24983.432,1,-0.100,-0.126,0.802,-0.789,0.304,0.697,0.611,0.550,1.736
677,25000.569,25025.009,25027.303,25029.038,1,-0.098,-0.125,0.800,-0.789,0.302,0.694,0.595,0.528,1.715
678,25032.903,25052.046,25054.348,25055.940,1,-0.095,-0.124,0.800,-0.788,0.300,0.692,0.606,0.558,1.652
679,25066.336,25133.434,25135.929,25138.549,1,-0.092,-0.123,0.799,-0.787,0.301,0.690,0.623,0.585,1.606
680,25165.817,25185.657,25188.007,25189.510,1,-0.090,-0.116,0.796,-0.793,0.296,0.678,0.595,0.610,1.652
681,25201.050,25219.043,25221.421,25222.977,1,-0.091,-0.115,0.794,-0.793,0.293,0.672,0.603,0.591,1.785
682,25232.221,25251.078,25253.512,25255.830,1,-0.091,-0.113,0.792,-0.794,0.291,0.666,0.593,0.568,1.705
683,25266.937,25288.668,25290.993,25292.664,1,-0.090,-0.112,0.791,-0.794,0.289,0.662,0.606,0.578,1.730
684,25299.614,25336.438,25338.869,25340.426,1,-0.089,-0.110,0.789,-0.795,0.288,0.656,0.625,0.604,1.647
685,25364.089,25413.999,25416.305,25417.964,1,-0.089,-0.102,0.786,-0.803,0.284,0.641,0.611,0.564,1.676
686,25430.702,25443.211,25445.583,25447.200,1,-0.091,-0.099,0.781,-0.806,0.275,0.623,0.614,0.586,1.792
687,25466.544,25481.639,25483.972,25488.256,1,-0.093,-0.097,0.779,-0.807,0.272,0.613,0.611,0.565,1.657
688,25499.183,25514.611,25516.916,25518.622,1,-0.091,-0.096,0.777,-0.806,0.269,0.609,0.640,0.607,1.620
689,25533.130,25548.427,25550.759,25552.490,1,-0.087,-0.095,0.775,-0.806,0.268,0.605,0.625,0.613,1.713
690,25566.895,25584.207,25586.557,25588.823,1,-0.084,-0.093,0.774,-0.806,0.268,0.603,0.715,0.647,1.887
691,25600.393,25616.199,25618.634,25621.984,1,-0.079,-0.089,0.773,-0.810,0.269,0.601,0.704,0.612,1.811
692,25631.426,25646.917,25649.250,25650.953,1,-0.076,-0.086,0.770,-0.813,0.268,0.598,0.657,0.640,1.812
693,25666.800,25683.027,25685.433,25688.426,1,-0.076,-0.083,0.767,-0.818,0.265,0.590,0.655,0.603,1.837
694,25699.722,25712.255,25714.540,25716.227,1,-0.079,-0.080,0.764,-0.822,0.261,0.578,0.644,0.614,1.884
695,25731.936,25746.961,25749.271,25750.916,1,-0.081,-0.078,0.762,-0.824,0.256,0.567,0.629,0.615,1.837
696,25767.008,25781.682,25783.948,25788.374,1,-0.084,-0.077,0.759,-0.826,0.250,0.556,0.651,0.630,1.800
697,25800.841,25813.143,25815.495,25817.111,1,-0.088,-0.076,0.756,-0.828,0.243,0.542,0.629,0.633,1.781
698,25833.203,25846.709,25849.008,25850.672,1,-0.091,-0.077,0.753,-0.827,0.237,0.531,0.633,0.626,1.821
699,25865.633,25877.462,25879.860,25881.484,1,-0.091,-0.078,0.750,-0.826,0.233,0.522,0.637,0.614,1.873
700,25900.035,25912.216,25914.461,25916.170,1,-0.091,-0.078,0.747,-0.827,0.229,0.514,0.636,0.585,1.792
701,25933.395,25949.116,25951.384,25955.006,1,-0.092,-0.081,0.744,-0.825,0.222,0.506,0.665,0.595,1.963
702,25965.971,25978.068,25980.553,25982.148,1,-0.092,-0.083,0.742,-0.823,0.220,0.497,0.643,0.628,1.902
703,26001.513,26013.788,26016.056,26017.645,1,-0.091,-0.082,0.740,-0.823,0.218,0.491,0.640,0.608,1.851
704,26033.048,26046.007,26048.349,26050.064,1,-0.090,-0.082,0.737,-0.825,0.215,0.486,0.649,0.617,1.890
705,26066.348,26078.630,26080.884,26082.521,1,-0.089,-0.083,0.735,-0.824,0.212,0.481,0.661,0.660,1.901
706,26099.582,26114.251,26116.607,26118.221,1,-0.089,-0.085,0.732,-0.825,0.210,0.476,0.684,0.624,2.074
707,26131.775,26150.521,26152.810,26155.155,1,-0.091,-0.088,0.728,-0.823,0.204,0.468,0.696,0.658,2.029
708,26165.900,26178.492,26180.825,26182.413,1,-0.093,-0.090,0.725,-0.821,0.200,0.458,0.657,0.645,1.914
709,26200.682,26213.042,26215.310,26216.941,1,-0.097,-0.091,0.722,-0.821,0.196,0.448,0.675,0.688,2.062
710,26234.199,26246.726,26248.914,26250.599,1,-0.101,-0.091,0.720,-0.822,0.191,0.437,0.679,0.661,2.022
711,26267.337,26279.525,26281.799,26283.465,1,-0.103,-0.092,0.718,-0.820,0.187,0.430,0.674,0.645,1.989
712,26298.065,26310.482,26312.717,26314.315,1,-0.106,-0.092,0.715,-0.821,0.184,0.421,0.675,0.641,2.044
713,26333.448,26348.532,26350.807,26354.885,1,-0.111,-0.092,0.712,-0.823,0.178,0.409,0.683,0.665,2.005
714,26362.342,26374.847,26377.267,26378.855,1,-0.116,-0.090,0.710,-0.825,0.174,0.396,0.671,0.600,2.041
715,26400.996,26413.247,26415.749,26417.339,1,-0.121,-0.088,0.708,-0.827,0.169,0.385,0.680,0.675,1.967
716,26432.150,26444.396,26446.699,26448.277,1,-0.124,-0.085,0.707,-0.829,0.166,0.376,0.682,0.680,2.090
717,26466.775,26485.584,26487.946,26489.468,1,-0.125,-0.081,0.707,-0.835,0.167,0.369,0.712,0.671,2.051
718,26499.013,26513.907,26516.266,26518.013,1,-0.125,-0.078,0.706,-0.839,0.164,0.365,0.682,0.671,1.991
719,26532.657,26548.411,26550.690,26552.406,1,-0.125,-0.075,0.705,-0.843,0.164,0.360,0.704,0.668,2.128
720,26565.888,26584.582,26586.923,26589.223,1,-0.126,-0.070,0.705,-0.849,0.163,0.353,0.713,0.678,2.256
721,26600.149,26618.191,26620.515,26622.424,1,-0.126,-0.064,0.705,-0.857,0.161,0.346,0.699,0.684,2.321
722,26632.523,26647.432,26649.827,26651.459,1,-0.126,-0.060,0.704,-0.863,0.158,0.340,0.697,0.700,2.096
723,26666.262,26678.448,26680.738,26682.426,1,-0.129,-0.058,0.702,-0.867,0.152,0.331,0.701,0.715,2.064
724,26700.161,26712.810,26715.081,26716.780,1,-0.132,-0.059,0.699,-0.867,0.146,0.320,0.702,0.719,2.048
725,26733.863,26751.297,26753.575,26755.397,1,-0.136,-0.061,0.696,-0.865,0.138,0.308,0.780,0.725,2.238
726,26766.351,26781.498,26783.835,26788.280,1,-0.140,-0.063,0.693,-0.860,0.131,0.295,0.684,0.637,2.096
727,26800.948,26813.080,26815.545,26817.174,1,-0.140,-0.064,0.691,-0.859,0.128,0.285,0.701,0.697,2.104
728,26832.235,26843.905,26846.300,26848.011,1,-0.139,-0.064,0.689,-0.859,0.126,0.279,0.708,0.706,2.177
729,26865.130,26876.823,26879.049,26880.731,1,-0.137,-0.065,0.687,-0.858,0.124,0.275,0.727,0.726,2.063
730,26900.312,26912.113,26914.327,26916.001,1,-0.134,-0.066,0.684,-0.859,0.122,0.271,0.712,0.667,2.083
731,26932.405,26945.117,26947.370,26948.963,1,-0.133,-0.068,0.681,-0.857,0.118,0.265,0.717,0.671,2.252
732,26965.516,26978.151,26980.506,26982.133,1,-0.132,-0.069,0.679,-0.855,0.114,0.257,0.740,0.733,2.246
733,27000.961,27012.829,27015.164,27016.872,1,-0.131,-0.070,0.677,-0.854,0.112,0.252,0.745,0.716,2.257
734,27033.357,27047.422,27049.767,27051.478,1,-0.128,-0.073,0.674,-0.850,0.109,0.248,0.754,0.699,2.115
735,27065.747,27078.827,27081.139,27082.830,1,-0.125,-0.077,0.672,-0.846,0.107,0.245,0.752,0.699,2.402
736,27100.089,27100.089,27127.338,27128.927,0,0.000,0.000,0.000,0.000,0.000,0.000,-1.000,-1.000,-1.000
737,27133.146,27133.146,27159.342,27160.915,0,0.000,0.000,0.000,0.000,0.000,0.000,-1.000,-1.000,-1.000
738,27166.484,27198.608,27200.965,27205.070,1,-0.108,-0.084,0.667,-0.838,0.110,0.249,0.771,0.754,2.277
739,27232.037,27255.763,27258.019,27259.689,1,-0.102,-0.089,0.663,-0.834,0.105,0.247,0.762,0.699,2.551
740,27266.002,27282.233,27284.450,27288.364,1,-0.100,-0.090,0.660,-0.833,0.105,0.243,0.726,0.675,2.265
741,27298.849,27317.610,27319.902,27322.120,1,-0.100,-0.091,0.659,-0.831,0.102,0.239,0.734,0.730,2.297
742,27332.464,27351.533,27353.862,27355.794,1,-0.098,-0.092,0.659,-0.830,0.103,0.238,0.745,0.754,2.145
743,27365.971,27388.336,27390.714,27392.386,1,-0.095,-0.093,0.659,-0.829,0.103,0.240,0.753,0.677,2.364
744,27400.454,27424.290,27426.540,27428.176,1,-0.091,-0.094,0.659,-0.830,0.105,0.243,0.739,0.732,2.190
745,27432.867,27454.435,27456.662,27458.293,1,-0.089,-0.095,0.658,-0.831,0.105,0.246,0.735,0.684,2.304
746,27466.268,27488.174,27490.547,27492.185,1,-0.089,-0.097,0.659,-0.830,0.105,0.245,0.726,0.700,2.242
747,27498.995,27521.239,27523.504,27525.141,1,-0.087,-0.098,0.659,-0.830,0.106,0.247,0.728,0.671,2.316
748,27532.398,27558.763,27561.026,27562.696,1,-0.087,-0.099,0.659,-0.830,0.106,0.248,0.747,0.692,2.300
749,27566.874,27586.877,27589.339,27590.827,1,-0.089,-0.100,0.659,-0.830,0.106,0.245,0.743,0.697,2.350
750,27601.092,27617.537,27619.810,27622.049,1,-0.090,-0.100,0.660,-0.830,0.106,0.245,0.718,0.668,2.192
751,27630.624,27650.391,27652.686,27655.205,1,-0.091,-0.100,0.659,-0.831,0.105,0.243,0.735,0.712,2.334
752,27665.906,27687.189,27689.571,27691.139,1,-0.095,-0.098,0.660,-0.833,0.105,0.239,0.730,0.700,2.171
753,27699.497,27719.822,27722.207,27723.672,1,-0.097,-0.096,0.661,-0.835,0.105,0.237,0.723,0.742,2.238
754,27733.658,27756.671,27759.113,27760.821,1,-0.098,-0.094,0.661,-0.838,0.106,0.238,0.727,0.718,2.367
755,27766.057,27785.714,27788.136,27789.586,1,-0.100,-0.092,0.662,-0.839,0.106,0.238,0.724,0.692,2.371
756,27802.269,27837.804,27840.156,27841.844,1,-0.100,-0.089,0.663,-0.841,0.109,0.241,0.743,0.715,2.705
757,27865.512,27887.856,27890.128,27891.692,1,-0.102,-0.081,0.665,-0.849,0.113,0.248,0.692,0.631,2.259
758,27898.603,27917.762,27919.989,27922.185,1,-0.103,-0.078,0.666,-0.851,0.114,0.253,0.709,0.639,2.455
759,27933.356,27966.792,27969.157,27971.768,1,-0.105,-0.075,0.666,-0.854,0.117,0.254,0.822,0.719,2.781
760,27999.686,27999.686,28028.071,28029.801,0,0.000,0.000,0.000,0.000,0.000,0.000,-1.000,-1.000,-1.000
761,28032.337,28048.054,28050.392,28054.992,1,-0.109,-0.059,0.673,-0.866,0.130,0.275,0.718,0.642,2.315
762,28067.378,28085.638,28088.063,28089.507,1,-0.109,-0.055,0.676,-0.867,0.134,0.285,0.697,0.589,2.543
763,28100.949,28117.038,28119.324,28121.750,1,-0.104,-0.053,0.679,-0.868,0.140,0.306,1.073,1.093,2.392
764,28133.803,28196.525,28198.938,28200.637,1,-0.094,-0.054,0.684,-0.861,0.156,0.334,1.118,0.932,3.914
765,28202.334,28202.334,28379.416,28381.094,0,0.000,0.000,0.000,0.000,0.000,0.000,-1.000,-1.000,-1.000
766,28401.843,28420.537,28422.881,28424.359,1,-0.091,-0.036,0.708,-0.863,0.222,0.470,1.077,0.865,3.479
767,28432.748,28447.620,28449.889,28451.525,1,-0.095,-0.038,0.711,-0.860,0.225,0.481,0.732,0.644,2.811
768,28467.319,28479.023,28481.295,28482.943,1,-0.095,-0.039,0.715,-0.853,0.231,0.499,0.636,0.580,1.815
769,28499.295,28512.794,28515.012,28516.723,1,-0.089,-0.041,0.721,-0.845,0.242,0.526,0.660,0.601,1.913
770,28533.029,28550.099,28552.373,28554.047,1,-0.082,-0.041,0.725,-0.843,0.255,0.553,1.296,1.079,2.847
771,28566.421,28581.492,28583.825,28588.256,1,-0.071,-0.045,0.733,-0.827,0.264,0.596,1.598,1.311,5.230
772,28600.879,28616.921,28619.290,28621.660,1,-0.062,-0.048,0.736,-0.821,0.284,0.625,0.838,0.710,3.307
773,28633.319,28633.319,28817.993,28821.792,0,0.000,0.000,0.000,0.000,0.000,0.000,-1.000,-1.000,-1.000
774,28832.251,28853.652,28856.016,28857.496,1,-0.041,-0.048,0.768,-0.797,0.355,0.790,0.645,0.558,2.091
775,28867.196,28889.661,28892.051,28893.693,1,-0.043,-0.050,0.771,-0.794,0.360,0.804,0.604,0.623,1.606
776,28899.352,28918.249,28920.698,28922.514,1,-0.045,-0.050,0.776,-0.789,0.368,0.819,0.605,0.552,1.616
777,28933.348,28956.069,28958.494,28960.191,1,-0.044,-0.048,0.781,-0.786,0.377,0.838,0.586,0.530,1.645
778,28966.360,28987.066,28989.476,28990.912,1,-0.039,-0.046,0.786,-0.787,0.387,0.862,1.083,1.000,2.064
779,29001.449,29001.449,29027.835,29029.459,0,0.000,0.000,0.000,0.000,0.000,0.000,-1.000,-1.000,-1.000
780,29033.121,29054.879,29057.107,29058.743,1,-0.013,-0.048,0.797,-0.771,0.421,0.937,0.892,0.752,3.280
781,29066.993,29093.057,29095.295,29096.941,1,-0.004,-0.050,0.801,-0.765,0.431,0.967,1.216,0.807,5.050
782,29099.362,29099.362,29125.709,29127.266,0,0.000,0.000,0.000,0.000,0.000,0.000,-1.000,-1.000,-1.000
783,29132.946,29149.590,29151.993,29155.084,1,0.003,-0.061,0.807,-0.754,0.443,1.011,0.583,0.551,1.460
784,29165.490,29178.761,29181.006,29182.652,1,0.005,-0.064,0.813,-0.747,0.451,1.029,0.558,0.540,1.494
785,29200.782,29215.015,29217.507,29221.658,1,0.008,-0.066,0.817,-0.743,0.459,1.048,0.542,0.538,1.487
786,29232.433,29247.594,29249.846,29251.528,1,0.012,-0.068,0.821,-0.739,0.467,1.066,0.619,0.582,1.825
787,29267.549,29267.549,29293.868,29295.502,0,0.000,0.000,0.000,0.000,0.000,0.000,-1.000,-1.000,-1.000
788,29300.657,29300.657,29325.435,29326.976,0,0.000,0.000,0.000,0.000,0.000,0.000,-1.000,-1.000,-1.000
789,29333.752,29333.752,29360.584,29362.192,0,0.000,0.000,0.000,0.000,0.000,0.000,-1.000,-1.000,-1.000
790,29371.039,29371.039,29396.282,29397.975,0,0.000,0.000,0.000,0.000,0.000,0.000,-1.000,-1.000,-1.000
791,29402.137,29402.137,29425.328,29426.992,0,0.000,0.000,0.000,0.000,0.000,0.000,-1.000,-1.000,-1.000
792,29433.609,29449.767,29452.135,29454.993,1,0.060,-0.110,0.829,-0.668,0.499,1.214,1.610,1.267,3.715
793,29466.491,29479.613,29481.891,29483.495,1,0.073,-0.109,0.828,-0.663,0.512,1.242,1.692,1.431,4.297
794,29499.647,29513.304,29515.653,29517.312,1,0.083,-0.109,0.829,-0.661,0.517,1.267,0.867,0.759,4.152
795,29533.962,29548.992,29551.294,29552.946,1,0.094,-0.108,0.826,-0.658,0.530,1.293,0.739,0.678,3.989
796,29566.064,29578.513,29580.822,29582.531,1,0.104,-0.109,0.826,-0.648,0.538,1.321,0.583,0.550,1.429
797,29600.985,29614.801,29617.068,29621.409,1,0.107,-0.107,0.825,-0.646,0.551,1.334,0.598,0.483,1.994
798,29632.674,29645.256,29647.568,29649.197,1,0.109,-0.101,0.827,-0.649,0.558,1.349,0.558,0.483,1.526
799,29666.652,29680.083,29682.381,29684.054,1,0.115,-0.101,0.827,-0.645,0.563,1.371,0.625,0.622,1.541
800,29701.104,29712.609,29714.820,29716.430,1,0.121,-0.103,0.825,-0.637,0.570,1.394,0.535,0.509,1.359
801,29733.049,29744.135,29746.520,29748.154,1,0.122,-0.104,0.823,-0.632,0.577,1.409,0.531,0.477,1.509
802,29767.217,29779.827,29782.201,29783.826,1,0.120,-0.105,0.823,-0.629,0.581,1.422,0.535,0.519,1.409
803,29801.299,29813.371,29815.783,29817.405,1,0.118,-0.107,0.823,-0.625,0.582,1.433,0.640,0.580,1.814
804,29833.196,29857.424,29859.684,29861.319,1,0.110,-0.109,0.820,-0.624,0.585,1.436,3.599,2.475,15.106
805,29866.994,29866.994,29887.701,29889.192,0,0.000,0.000,0.000,0.000,0.000,0.000,-1.000,-1.000,-1.000
806,29899.597,29899.597,29921.984,29923.414,0,0.000,0.000,0.000,0.000,0.000,0.000,-1.000,-1.000,-1.000
807,29933.990,29955.712,29958.020,29959.676,1,0.067,-0.100,0.825,-0.623,0.602,1.430,8.221,8.860,14.051
808,29966.335,30118.158,30120.543,30122.107,1,0.051,-0.099,0.828,-0.625,0.596,1.425,1.587,1.356,6.989
809,30132.368,30151.329,30153.643,30155.752,1,0.045,-0.110,0.829,-0.603,0.599,1.498,0.512,0.425,1.534
810,30165.878,30187.670,30189.950,30191.510,1,0.048,-0.112,0.828,-0.597,0.603,1.518,0.537,0.464,1.529
811,30200.785,30220.229,30222.580,30224.126,1,0.050,-0.116,0.827,-0.589,0.607,1.537,0.501,0.457,1.475
812,30233.836,30257.623,30259.985,30261.680,1,0.050,-0.117,0.826,-0.586,0.614,1.548,0.529,0.488,1.526
813,30267.060,30324.964,30327.256,30328.917,1,0.041,-0.116,0.820,-0.597,0.620,1.546,2.087,1.413,9.092
814,30333.192,30355.652,30357.929,30359.498,1,0.028,-0.119,0.827,-0.586,0.616,1.552,0.522,0.513,1.396
815,30366.655,30366.655,30392.249,30393.806,0,0.000,0.000,0.000,0.000,0.000,0.000,-1.000,-1.000,-1.000
816,30400.163,30421.585,30423.996,30425.650,1,0.017,-0.116,0.829,-0.589,0.620,1.555,0.539,0.468,1.445
817,30433.091,30469.291,30471.747,30473.299,1,0.020,-0.122,0.829,-0.582,0.618,1.570,0.606,0.466,1.532
818,30499.181,30499.181,30523.422,30525.055,0,0.000,0.000,0.000,0.000,0.000,0.000,-1.000,-1.000,-1.000
819,30533.071,30533.071,30556.371,30557.939,0,0.000,0.000,0.000,0.000,0.000,0.000,-1.000,-1.000,-1.000
820,30565.896,30565.896,30589.814,30591.244,0,0.000,0.000,0.000,0.000,0.000,0.000,-1.000,-1.000,-1.000
821,30600.900,30615.438,30617.820,30621.996,1,-0.006,-0.098,0.831,-0.594,0.634,1.553,0.891,0.746,2.323
822,30634.115,30645.195,30647.476,30649.133,1,-0.009,-0.093,0.832,-0.598,0.635,1.552,0.534,0.467,1.453
823,30666.383,30678.655,30680.847,30682.467,1,-0.006,-0.093,0.833,-0.596,0.634,1.558,0.534,0.503,1.444
824,30700.245,30710.895,30713.117,30714.819,1,-0.002,-0.094,0.832,-0.594,0.636,1.565,0.531,0.460,1.457
825,30733.068,30743.016,30745.377,30746.957,1,0.001,-0.094,0.832,-0.592,0.639,1.569,0.537,0.481,1.501
826,30766.836,30780.659,30783.176,30784.833,1,0.005,-0.093,0.832,-0.591,0.643,1.574,0.516,0.483,1.484
827,30801.665,30811.767,30814.104,30815.727,1,0.007,-0.092,0.832,-0.593,0.646,1.577,0.513,0.455,1.410
828,30832.750,30845.635,30847.924,30849.539,1,0.010,-0.091,0.833,-0.592,0.647,1.580,0.522,0.474,1.471
829,30866.078,30880.700,30883.063,30884.687,1,0.012,-0.088,0.833,-0.593,0.653,1.580,0.552,0.450,1.492
830,30899.015,30911.501,30913.717,30915.335,1,0.013,-0.083,0.834,-0.597,0.657,1.579,0.539,0.456,1.679
831,30933.078,30946.395,30948.822,30950.538,1,0.013,-0.080,0.835,-0.600,0.658,1.578,0.526,0.474,1.480
832,30965.695,30978.598,30980.909,30982.526,1,0.015,-0.077,0.837,-0.601,0.661,1.578,0.562,0.500,1.474
833,31000.520,31013.223,31015.498,31017.085,1,0.016,-0.073,0.838,-0.604,0.664,1.577,0.518,0.477,1.609
834,31033.500,31046.204,31048.476,31050.156,1,0.015,-0.069,0.839,-0.608,0.667,1.573,0.501,0.433,1.487
835,31066.180,31082.011,31084.398,31088.468,1,0.014,-0.064,0.840,-0.613,0.672,1.567,0.592,0.456,1.525
836,31099.901,31113.920,31116.265,31117.887,1,0.012,-0.056,0.841,-0.621,0.678,1.557,0.637,0.491,1.928
837,31134.375,31149.052,31151.461,31155.326,1,0.013,-0.050,0.843,-0.630,0.682,1.553,0.634,0.556,2.517
838,31165.547,31165.547,31191.265,31192.894,0,0.000,0.000,0.000,0.000,0.000,0.000,-1.000,-1.000,-1.000
839,31201.181,31264.192,31266.597,31268.360,1,0.026,-0.039,0.845,-0.644,0.694,1.549,0.723,0.677,1.624
840,31297.253,31297.253,31319.257,31321.580,0,0.000,0.000,0.000,0.000,0.000,0.000,-1.000,-1.000,-1.000
841,31331.943,31331.943,31354.759,31356.313,0,0.000,0.000,0.000,0.000,0.000,0.000,-1.000,-1.000,-1.000
842,31365.393,31365.393,31386.325,31388.772,0,0.000,0.000,0.000,0.000,0.000,0.000,-1.000,-1.000,-1.000
843,31403.837,31403.837,31426.604,31428.240,0,0.000,0.000,0.000,0.000,0.000,0.000,-1.000,-1.000,-1.000
844,31433.554,31433.554,31456.213,31457.669,0,0.000,0.000,0.000,0.000,0.000,0.000,-1.000,-1.000,-1.000
845,31467.357,31467.357,31659.770,31661.358,0,0.000,0.000,0.000,0.000,0.000,0.000,-1.000,-1.000,-1.000
846,31667.974,31667.974,31687.464,31689.101,0,0.000,0.000,0.000,0.000,0.000,0.000,-1.000,-1.000,-1.000
847,31699.368,31699.368,31719.687,31721.714,0,0.000,0.000,0.000,0.000,0.000,0.000,-1.000,-1.000,-1.000
848,31734.368,31734.368,31757.250,31758.904,0,0.000,0.000,0.000,0.000,0.000,0.000,-1.000,-1.000,-1.000
849,31766.874,31766.874,31791.048,31792.631,0,0.000,0.000,0.000,0.000,0.000,0.000,-1.000,-1.000,-1.000
850,31800.666,31800.666,31823.310,31824.923,0,0.000,0.000,0.000,0.000,0.000,0.000,-1.000,-1.000,-1.000
851,31831.392,31831.392,31851.188,31855.161,0,0.000,0.000,0.000,0.000,0.000,0.000,-1.000,-1.000,-1.000
852,31865.463,31865.463,31886.374,31888.354,0,0.000,0.000,0.000,0.000,0.000,0.000,-1.000,-1.000,-1.000
853,31899.202,31899.202,31923.187,31924.726,0,0.000,0.000,0.000,0.000,0.000,0.000,-1.000,-1.000,-1.000
854,31933.591,31933.591,31957.269,31958.871,0,0.000,0.000,0.000,0.000,0.000,0.000,-1.000,-1.000,-1.000
855,31970.515,31970.515,31996.021,31997.612,0,0.000,0.000,0.000,0.000,0.000,0.000,-1.000,-1.000,-1.000
856,32002.187,32002.187,32027.534,32029.184,0,0.000,0.000,0.000,0.000,0.000,0.000,-1.000,-1.000,-1.000
857,32033.866,32033.866,32057.268,32058.831,0,0.000,0.000,0.000,0.000,0.000,0.000,-1.000,-1.000,-1.000
858,32067.059,32067.059,32089.171,32090.668,0,0.000,0.000,0.000,0.000,0.000,0.000,-1.000,-1.000,-1.000
859,32098.886,32098.886,32122.231,32123.749,0,0.000,0.000,0.000,0.000,0.000,0.000,-1.000,-1.000,-1.000
860,32134.834,32134.834,32160.796,32162.429,0,0.000,0.000,0.000,0.000,0.000,0.000,-1.000,-1.000,-1.000
861,32166.783,32166.783,32189.571,32190.997,0,0.000,0.000,0.000,0.000,0.000,0.000,-1.000,-1.000,-1.000
862,32202.675,32202.675,32227.718,32229.371,0,0.000,0.000,0.000,0.000,0.000,0.000,-1.000,-1.000,-1.000
863,32234.738,32234.738,32259.549,32261.166,0,0.000,0.000,0.000,0.000,0.000,0.000,-1.000,-1.000,-1.000
864,32266.913,32266.913,32290.322,32291.857,0,0.000,0.000,0.000,0.000,0.000,0.000,-1.000,-1.000,-1.000
865,32300.663,32300.663,32324.970,32326.580,0,0.000,0.000,0.000,0.000,0.000,0.000,-1.000,-1.000,-1.000
866,32333.694,32333.694,32360.860,32362.491,0,0.000,0.000,0.000,0.000,0.000,0.000,-1.000,-1.000,-1.000
867,32367.122,32367.122,32396.434,32398.063,0,0.000,0.000,0.000,0.000,0.000,0.000,-1.000,-1.000,-1.000
868,32402.768,32402.768,32435.736,32438.466,0,0.000,0.000,0.000,0.000,0.000,0.000,-1.000,-1.000,-1.000
869,32465.256,32465.256,32491.863,32493.474,0,0.000,0.000,0.000,0.000,0.000,0.000,-1.000,-1.000,-1.000
870,32499.624,32499.624,32524.277,32526.080,0,0.000,0.000,0.000,0.000,0.000,0.000,-1.000,-1.000,-1.000
871,32532.815,32532.815,32557.176,32558.962,0,0.000,0.000,0.000,0.000,0.000,0.000,-1.000,-1.000,-1.000
872,32566.282,32566.282,32588.096,32589.550,0,0.000,0.000,0.000,0.000,0.000,0.000,-1.000,-1.000,-1.000
873,32601.292,32601.292,32625.131,32626.772,0,0.000,0.000,0.000,0.000,0.000,0.000,-1.000,-1.000,-1.000
874,32634.376,32634.376,32658.000,32659.622,0,0.000,0.000,0.000,0.000,0.000,0.000,-1.000,-1.000,-1.000
875,32667.176,32667.176,32688.989,32690.644,0,0.000,0.000,0.000,0.000,0.000,0.000,-1.000,-1.000,-1.000
876,32699.936,32699.936,32723.547,32725.176,0,0.000,0.000,0.000,0.000,0.000,0.000,-1.000,-1.000,-1.000
877,32734.704,32734.704,32759.752,32761.432,0,0.000,0.000,0.000,0.000,0.000,0.000,-1.000,-1.000,-1.000
878,32769.915,32769.915,32795.497,32797.630,0,0.000,0.000,0.000,0.000,0.000,0.000,-1.000,-1.000,-1.000
879,32801.507,32801.507,32827.162,32828.834,0,0.000,0.000,0.000,0.000,0.000,0.000,-1.000,-1.000,-1.000
880,32833.307,32833.307,32859.263,32860.930,0,0.000,0.000,0.000,0.000,0.000,0.000,-1.000,-1.000,-1.000
881,32867.263,32867.263,32892.850,32894.420,0,0.000,0.000,0.000,0.000,0.000,0.000,-1.000,-1.000,-1.000
882,32899.741,32899.741,32923.803,32925.471,0,0.000,0.000,0.000,0.000,0.000,0.000,-1.000,-1.000,-1.000
883,32933.953,32933.953,32956.854,32958.443,0,0.000,0.000,0.000,0.000,0.000,0.000,-1.000,-1.000,-1.000
884,32966.094,32966.094,32991.890,32993.468,0,0.000,0.000,0.000,0.000,0.000,0.000,-1.000,-1.000,-1.000
885,33001.453,33001.453,33025.890,33027.459,0,0.000,0.000,0.000,0.000,0.000,0.000,-1.000,-1.000,-1.000
886,33033.696,33033.696,33063.879,33065.562,0,0.000,0.000,0.000,0.000,0.000,0.000,-1.000,-1.000,-1.000
887,33067.784,33067.784,33100.635,33104.938,0,0.000,0.000,0.000,0.000,0.000,0.000,-1.000,-1.000,-1.000
888,33132.209,33132.209,33160.743,33162.454,0,0.000,0.000,0.000,0.000,0.000,0.000,-1.000,-1.000,-1.000
889,33166.730,33166.730,33193.205,33194.854,0,0.000,0.000,0.000,0.000,0.000,0.000,-1.000,-1.000,-1.000
890,33200.800,33200.800,33229.033,33230.661,0,0.000,0.000,0.000,0.000,0.000,0.000,-1.000,-1.000,-1.000
891,33235.519,33235.519,33264.069,33265.720,0,0.000,0.000,0.000,0.000,0.000,0.000,-1.000,-1.000,-1.000
892,33268.260,33268.260,33296.046,33297.768,0,0.000,0.000,0.000,0.000,0.000,0.000,-1.000,-1.000,-1.000
893,33301.372,33301.372,33328.648,33330.384,0,0.000,0.000,0.000,0.000,0.000,0.000,-1.000,-1.000,-1.000
894,33333.910,33333.910,33362.604,33364.259,0,0.000,0.000,0.000,0.000,0.000,0.000,-1.000,-1.000,-1.000
895,33369.029,33369.029,33397.660,33399.281,0,0.000,0.000,0.000,0.000,0.000,0.000,-1.000,-1.000,-1.000
896,33403.710,33403.710,33435.719,33438.415,0,0.000,0.000,0.000,0.000,0.000,0.000,-1.000,-1.000,-1.000
897,33465.731,33465.731,33494.729,33496.381,0,0.000,0.000,0.000,0.000,0.000,0.000,-1.000,-1.000,-1.000
898,33501.336,33501.336,33530.223,33531.928,0,0.000,0.000,0.000,0.000,0.000,0.000,-1.000,-1.000,-1.000
899,33534.020,33534.020,33562.196,33563.959,0,0.000,0.000,0.000,0.000,0.000,0.000,-1.000,-1.000,-1.000
900,33567.716,33567.716,33597.450,33599.162,0,0.000,0.000,0.000,0.000,0.000,0.000,-1.000,-1.000,-1.000
901,33601.797,33601.797,33629.591,33631.256,0,0.000,0.000,0.000,0.000,0.000,0.000,-1.000,-1.000,-1.000
902,33634.594,33634.594,33663.556,33665.256,0,0.000,0.000,0.000,0.000,0.000,0.000,-1.000,-1.000,-1.000
903,33668.088,33668.088,33698.755,33700.266,0,0.000,0.000,0.000,0.000,0.000,0.000,-1.000,-1.000,-1.000
904,33702.575,33702.575,33734.835,33738.467,0,0.000,0.000,0.000,0.000,0.000,0.000,-1.000,-1.000,-1.000
905,33766.829,33766.829,33800.723,33804.892,0,0.000,0.000,0.000,0.000,0.000,0.000,-1.000,-1.000,-1.000
906,33833.863,33833.863,33867.688,33871.777,0,0.000,0.000,0.000,0.000,0.000,0.000,-1.000,-1.000,-1.000
907,33900.425,33900.425,33932.289,33933.975,0,0.000,0.000,0.000,0.000,0.000,0.000,-1.000,-1.000,-1.000
908,33965.895,33965.895,33997.837,33999.571,0,0.000,0.000,0.000,0.000,0.000,0.000,-1.000,-1.000,-1.000
909,34002.075,34002.075,34031.215,34032.939,0,0.000,0.000,0.000,0.000,0.000,0.000,-1.000,-1.000,-1.000
910,34068.429,34068.429,34100.086,34101.779,0,0.000,0.000,0.000,0.000,0.000,0.000,-1.000,-1.000,-1.000
911,34133.504,34133.504,34165.588,34167.242,0,0.000,0.000,0.000,0.000,0.000,0.000,-1.000,-1.000,-1.000
912,34201.447,34201.447,34233.612,34238.156,0,0.000,0.000,0.000,0.000,0.000,0.000,-1.000,-1.000,-1.000
913,34267.772,34267.772,34302.003,34305.172,0,0.000,0.000,0.000,0.000,0.000,0.000,-1.000,-1.000,-1.000
914,34332.707,34332.707,34364.126,34366.234,0,0.000,0.000,0.000,0.000,0.000,0.000,-1.000,-1.000,-1.000
915,34407.637,34407.637,34445.314,34447.048,0,0.000,0.000,0.000,0.000,0.000,0.000,-1.000,-1.000,-1.000
916,34466.590,34466.590,34499.491,34501.187,0,0.000,0.000,0.000,0.000,0.000,0.000,-1.000,-1.000,-1.000
917,34533.506,34533.506,34568.618,34572.470,0,0.000,0.000,0.000,0.000,0.000,0.000,-1.000,-1.000,-1.000
918,34603.199,34603.199,34639.300,34640.780,0,0.000,0.000,0.000,0.000,0.000,0.000,-1.000,-1.000,-1.000
919,34665.983,34665.983,34699.139,34700.884,0,0.000,0.000,0.000,0.000,0.000,0.000,-1.000,-1.000,-1.000
920,34733.201,34733.201,34765.706,34767.497,0,0.000,0.000,0.000,0.000,0.000,0.000,-1.000,-1.000,-1.000
921,34801.816,34801.816,34837.149,34838.908,0,0.000,0.000,0.000,0.000,0.000,0.000,-1.000,-1.000,-1.000
922,34867.484,34867.484,35183.721,35188.108,0,0.000,0.000,0.000,0.000,0.000,0.000,-1.000,-1.000,-1.000
